<?xml version = '1.0' encoding = 'UTF-8'?>
<FKIndexAssociation class="oracle.dbtools.crest.model.design.relational.FKIndexAssociation" directorySegmentName="seg_0" id="15CED419-289A-5AB7-348B-8BFAD975BA07" containerWithKeyObject="BB22EE30-0044-B85D-DD8D-A581BB7BFB02" localFKIndex="CD1AA0D2-0015-0BC5-0C83-F1CBCAC99310" name="PRODUCTO_SUCURSAL_FK">
<createdBy>carlamiranda</createdBy>
<createdTime>2026-02-09 23:46:47 UTC</createdTime>
<generatorID>8DDFECB9-063A-3089-56BF-3A36245B2941</generatorID>
<ownerDesignName>segundasumativaMBD</ownerDesignName>
<referredTableLongName>SUCURSAL</referredTableLongName>
<deleteRule>NO ACTION</deleteRule>
<referredTableID>B4938B85-C416-034D-4318-DCC78BC5717B</referredTableID>
<keyObject>F828F212-5A42-5902-03F5-FB31B5E988A1</keyObject>
<referredKeyID>F828F212-5A42-5902-03F5-FB31B5E988A1</referredKeyID>
<mandatory>true</mandatory>
<refColNames>id_sucursal</refColNames>
<transferable>true</transferable>
<rely>false</rely>
<columnDependencyConstraintGenerateInDDL>true</columnDependencyConstraintGenerateInDDL>
</FKIndexAssociation>