<?xml version = '1.0' encoding = 'UTF-8'?>
<FKIndexAssociation class="oracle.dbtools.crest.model.design.relational.FKIndexAssociation" directorySegmentName="seg_0" id="179100D3-C403-21DE-C0ED-09C3783D4D2B" containerWithKeyObject="503D6F45-A404-6B3E-AA5B-C70A4808D7FE" localFKIndex="C9426041-615D-303D-A816-C13F324C014D" name="DETALLE_VENTA_VENTA_FK">
<createdBy>carlamiranda</createdBy>
<createdTime>2026-02-09 23:25:32 UTC</createdTime>
<generatorID>E7D1D914-02F2-A46E-6615-2759473CF1C1</generatorID>
<ownerDesignName>segundasumativaMBD</ownerDesignName>
<referredTableLongName>VENTA</referredTableLongName>
<deleteRule>NO ACTION</deleteRule>
<referredTableID>D1DA5627-F2E2-9489-3F23-691D54E1EF10</referredTableID>
<keyObject>2AF23D50-428A-5796-B4A8-F603BA4D0191</keyObject>
<referredKeyID>2AF23D50-428A-5796-B4A8-F603BA4D0191</referredKeyID>
<mandatory>true</mandatory>
<refColNames>id_venta</refColNames>
<transferable>true</transferable>
<rely>false</rely>
<columnDependencyConstraintGenerateInDDL>true</columnDependencyConstraintGenerateInDDL>
</FKIndexAssociation>