<?xml version = '1.0' encoding = 'UTF-8'?>
<FKIndexAssociation class="oracle.dbtools.crest.model.design.relational.FKIndexAssociation" directorySegmentName="seg_0" id="5D7D26F0-6AE3-6955-9BF3-63EFAE1088BA" containerWithKeyObject="BB22EE30-0044-B85D-DD8D-A581BB7BFB02" localFKIndex="ACB7739E-0C1A-82AD-7D6C-F17CE41B9A97" name="PRODUCTO_CATEGORIA_FK">
<createdBy>carlamiranda</createdBy>
<createdTime>2026-02-09 23:25:33 UTC</createdTime>
<generatorID>81456B0A-C540-91DA-15E1-ACF0FC7E848E</generatorID>
<ownerDesignName>segundasumativaMBD</ownerDesignName>
<referredTableLongName>CATEGORIA</referredTableLongName>
<deleteRule>NO ACTION</deleteRule>
<referredTableID>624FCC12-FF25-9883-7D55-5989B670B13B</referredTableID>
<keyObject>86EE7770-FC7F-669E-10D6-E512F74BF9EC</keyObject>
<referredKeyID>86EE7770-FC7F-669E-10D6-E512F74BF9EC</referredKeyID>
<mandatory>true</mandatory>
<refColNames>id_categoria</refColNames>
<transferable>true</transferable>
<rely>false</rely>
<columnDependencyConstraintGenerateInDDL>true</columnDependencyConstraintGenerateInDDL>
</FKIndexAssociation>