<?xml version = '1.0' encoding = 'UTF-8'?>
<FKIndexAssociation class="oracle.dbtools.crest.model.design.relational.FKIndexAssociation" directorySegmentName="seg_0" id="6F3720BF-A0A2-0854-989B-A4A65DE0D80E" containerWithKeyObject="291DC53F-F8DA-F916-ABC4-35CBFDE4BEBA" localFKIndex="4E7B52BE-AC6F-D942-57FB-F86EC428B6B3" name="CLIENTE_COMUNA_FK">
<createdBy>carlamiranda</createdBy>
<createdTime>2026-02-09 23:18:41 UTC</createdTime>
<generatorID>4B911180-E078-BB42-D200-62067EB716DB</generatorID>
<ownerDesignName>segundasumativaMBD</ownerDesignName>
<referredTableLongName>COMUNA</referredTableLongName>
<deleteRule>NO ACTION</deleteRule>
<referredTableID>C0ADB7AD-6AA8-D251-5706-9DA9309CFEF1</referredTableID>
<keyObject>02A3044D-F5FC-0640-CB16-B14D4BD09A92</keyObject>
<referredKeyID>02A3044D-F5FC-0640-CB16-B14D4BD09A92</referredKeyID>
<mandatory>true</mandatory>
<refColNames>id_comuna</refColNames>
<transferable>true</transferable>
<rely>false</rely>
<columnDependencyConstraintGenerateInDDL>true</columnDependencyConstraintGenerateInDDL>
</FKIndexAssociation>