<?xml version = '1.0' encoding = 'UTF-8'?>
<FKIndexAssociation class="oracle.dbtools.crest.model.design.relational.FKIndexAssociation" directorySegmentName="seg_0" id="97ED77C4-DC31-03D3-00CD-C99E66038031" containerWithKeyObject="503D6F45-A404-6B3E-AA5B-C70A4808D7FE" localFKIndex="40CED5BE-99FE-8424-56CC-788D7A9110FC" name="DETALLE_VENTA_PRODUCTO_FK">
<createdBy>carlamiranda</createdBy>
<createdTime>2026-02-09 23:32:03 UTC</createdTime>
<generatorID>CBBD1A06-F568-28F1-257E-51CB78F0FA20</generatorID>
<ownerDesignName>segundasumativaMBD</ownerDesignName>
<referredTableLongName>PRODUCTO</referredTableLongName>
<deleteRule>NO ACTION</deleteRule>
<referredTableID>BB22EE30-0044-B85D-DD8D-A581BB7BFB02</referredTableID>
<keyObject>7D4C0320-6B5B-0E59-4B80-5D6FA03F41C1</keyObject>
<referredKeyID>7D4C0320-6B5B-0E59-4B80-5D6FA03F41C1</referredKeyID>
<mandatory>true</mandatory>
<refColNames>id_producto</refColNames>
<transferable>true</transferable>
<rely>false</rely>
<columnDependencyConstraintGenerateInDDL>true</columnDependencyConstraintGenerateInDDL>
</FKIndexAssociation>