<?xml version = '1.0' encoding = 'UTF-8'?>
<FKIndexAssociation class="oracle.dbtools.crest.model.design.relational.FKIndexAssociation" directorySegmentName="seg_0" id="A683E3B4-3A1F-9658-3D7B-8FA6DB8AF96A" containerWithKeyObject="C0ADB7AD-6AA8-D251-5706-9DA9309CFEF1" localFKIndex="D9CB312B-DC58-9459-E9E0-3894BC969784" name="COMUNA_REGION_FK">
<createdBy>carlamiranda</createdBy>
<createdTime>2026-02-09 23:11:03 UTC</createdTime>
<generatorID>2962CA21-C5ED-1B88-70C1-37843D359DD8</generatorID>
<ownerDesignName>segundasumativaMBD</ownerDesignName>
<referredTableLongName>REGION</referredTableLongName>
<deleteRule>NO ACTION</deleteRule>
<referredTableID>327D6E05-E4A0-3343-6B01-F61A842B7179</referredTableID>
<keyObject>0AA24572-8F3E-498D-4CAC-A453744CD573</keyObject>
<referredKeyID>0AA24572-8F3E-498D-4CAC-A453744CD573</referredKeyID>
<mandatory>true</mandatory>
<refColNames>REGION_ID</refColNames>
<transferable>true</transferable>
<rely>false</rely>
<columnDependencyConstraintGenerateInDDL>true</columnDependencyConstraintGenerateInDDL>
</FKIndexAssociation>