<?xml version = '1.0' encoding = 'UTF-8'?>
<FKIndexAssociation class="oracle.dbtools.crest.model.design.relational.FKIndexAssociation" directorySegmentName="seg_0" id="AAC4EE38-9E37-282C-C1CC-4C6B31D28DD6" containerWithKeyObject="BB22EE30-0044-B85D-DD8D-A581BB7BFB02" localFKIndex="12563AF7-4CE2-AEF9-EF2A-9A7B91DFD2B3" name="PRODUCTO_MARCA_FK">
<createdBy>carlamiranda</createdBy>
<createdTime>2026-02-09 23:25:33 UTC</createdTime>
<generatorID>6605B526-7170-D26B-830A-8F19B848DC0A</generatorID>
<ownerDesignName>segundasumativaMBD</ownerDesignName>
<referredTableLongName>MARCA</referredTableLongName>
<deleteRule>NO ACTION</deleteRule>
<referredTableID>6CAC335A-A4FF-6F89-0669-D52A30D53FF3</referredTableID>
<keyObject>605DD8C4-1DFE-772D-F8F8-28C48094DD59</keyObject>
<referredKeyID>605DD8C4-1DFE-772D-F8F8-28C48094DD59</referredKeyID>
<mandatory>true</mandatory>
<refColNames>id_marca</refColNames>
<transferable>true</transferable>
<rely>false</rely>
<columnDependencyConstraintGenerateInDDL>true</columnDependencyConstraintGenerateInDDL>
</FKIndexAssociation>