<?xml version = '1.0' encoding = 'UTF-8'?>
<FKIndexAssociation class="oracle.dbtools.crest.model.design.relational.FKIndexAssociation" directorySegmentName="seg_0" id="AE48A3CD-76B7-3337-EEAA-36F4BFB0FEA2" containerWithKeyObject="FBB54C36-A7F3-2CB4-ACF2-5D8C14621A32" localFKIndex="A44E65C4-A625-0001-8BC9-3163E2E709A5" name="TELEFONO_CLIENTE_CLIENTE_FK">
<createdBy>carlamiranda</createdBy>
<createdTime>2026-02-09 23:20:11 UTC</createdTime>
<generatorID>8FA1A888-FCB3-8AC2-CEAF-E1418A4F4AC7</generatorID>
<ownerDesignName>segundasumativaMBD</ownerDesignName>
<referredTableLongName>CLIENTE</referredTableLongName>
<deleteRule>NO ACTION</deleteRule>
<referredTableID>291DC53F-F8DA-F916-ABC4-35CBFDE4BEBA</referredTableID>
<keyObject>CF7E9FA4-6D23-5DE8-223E-E476BA826674</keyObject>
<referredKeyID>CF7E9FA4-6D23-5DE8-223E-E476BA826674</referredKeyID>
<mandatory>true</mandatory>
<refColNames>id_cliente</refColNames>
<transferable>true</transferable>
<rely>false</rely>
<columnDependencyConstraintGenerateInDDL>true</columnDependencyConstraintGenerateInDDL>
</FKIndexAssociation>