<?xml version = '1.0' encoding = 'UTF-8'?>
<FKIndexAssociation class="oracle.dbtools.crest.model.design.relational.FKIndexAssociation" directorySegmentName="seg_0" id="DDACFA0D-EFB0-2F3C-F666-7E1C3D263E37" containerWithKeyObject="B4938B85-C416-034D-4318-DCC78BC5717B" localFKIndex="C4DF40CA-FF16-62BD-CA6B-1EF6D954A8A8" name="SUCURSAL_COMUNA_FK">
<createdBy>carlamiranda</createdBy>
<createdTime>2026-02-09 23:25:33 UTC</createdTime>
<generatorID>58FB94AC-183F-47FA-AD24-1319BEBC27DD</generatorID>
<ownerDesignName>segundasumativaMBD</ownerDesignName>
<referredTableLongName>COMUNA</referredTableLongName>
<deleteRule>NO ACTION</deleteRule>
<referredTableID>C0ADB7AD-6AA8-D251-5706-9DA9309CFEF1</referredTableID>
<keyObject>02A3044D-F5FC-0640-CB16-B14D4BD09A92</keyObject>
<referredKeyID>02A3044D-F5FC-0640-CB16-B14D4BD09A92</referredKeyID>
<mandatory>true</mandatory>
<refColNames>id_comuna</refColNames>
<transferable>true</transferable>
<rely>false</rely>
<columnDependencyConstraintGenerateInDDL>true</columnDependencyConstraintGenerateInDDL>
</FKIndexAssociation>