<?xml version = '1.0' encoding = 'UTF-8'?>
<FKIndexAssociation class="oracle.dbtools.crest.model.design.relational.FKIndexAssociation" directorySegmentName="seg_0" id="F4EC4D7A-4010-C6D4-5702-242AF34D16A1" containerWithKeyObject="D1DA5627-F2E2-9489-3F23-691D54E1EF10" localFKIndex="8EE2B817-7708-CAB5-3716-806EADAE21F0" name="VENTA_SUCURSAL_FK">
<createdBy>carlamiranda</createdBy>
<createdTime>2026-02-09 23:25:33 UTC</createdTime>
<generatorID>922FBA0C-C31E-BDFC-1F59-5143F7F23F23</generatorID>
<ownerDesignName>segundasumativaMBD</ownerDesignName>
<referredTableLongName>SUCURSAL</referredTableLongName>
<deleteRule>NO ACTION</deleteRule>
<referredTableID>B4938B85-C416-034D-4318-DCC78BC5717B</referredTableID>
<keyObject>F828F212-5A42-5902-03F5-FB31B5E988A1</keyObject>
<referredKeyID>F828F212-5A42-5902-03F5-FB31B5E988A1</referredKeyID>
<mandatory>true</mandatory>
<refColNames>id_sucursal</refColNames>
<transferable>true</transferable>
<rely>false</rely>
<columnDependencyConstraintGenerateInDDL>true</columnDependencyConstraintGenerateInDDL>
</FKIndexAssociation>