<?xml version = '1.0' encoding = 'UTF-8'?>
<FKIndexAssociation class="oracle.dbtools.crest.model.design.relational.FKIndexAssociation" directorySegmentName="seg_0" id="FCAFA26E-A233-CAD3-200D-6FDD9CA36AB3" containerWithKeyObject="D1DA5627-F2E2-9489-3F23-691D54E1EF10" localFKIndex="61EBA6C7-5C74-BFEC-5EFF-EDC6A38B5A6B" name="VENTA_CLIENTE_FK">
<createdBy>carlamiranda</createdBy>
<createdTime>2026-02-09 23:25:33 UTC</createdTime>
<generatorID>E83BBCCE-7A6A-C559-FF0D-B57DEEEAFF2F</generatorID>
<ownerDesignName>segundasumativaMBD</ownerDesignName>
<referredTableLongName>CLIENTE</referredTableLongName>
<deleteRule>NO ACTION</deleteRule>
<referredTableID>291DC53F-F8DA-F916-ABC4-35CBFDE4BEBA</referredTableID>
<keyObject>CF7E9FA4-6D23-5DE8-223E-E476BA826674</keyObject>
<referredKeyID>CF7E9FA4-6D23-5DE8-223E-E476BA826674</referredKeyID>
<mandatory>true</mandatory>
<refColNames>id_cliente</refColNames>
<transferable>true</transferable>
<rely>false</rely>
<columnDependencyConstraintGenerateInDDL>true</columnDependencyConstraintGenerateInDDL>
</FKIndexAssociation>