<?xml version = '1.0' encoding = 'UTF-8'?>
<Relation class="oracle.dbtools.crest.model.design.logical.Relation" name="COMUNA REGION FK" directorySegmentName="seg_0" id="2962CA21-C5ED-1B88-70C1-37843D359DD8">
<createdBy>carlamiranda</createdBy>
<createdTime>2026-02-09 22:59:31 UTC</createdTime>
<ownerDesignName>segundasumativaMBD</ownerDesignName>
<engineerTo>
<item key="CCD07468-0916-83AA-04EE-AC8740866C74" value="true"/>
</engineerTo>
<useSurrogateKey>true</useSurrogateKey>
<identifying>false</identifying>
<optionalSource>true</optionalSource>
<optionalTarget>false</optionalTarget>
<sourceCardinality>1</sourceCardinality>
<sourceEntity>C4A9C404-6E5E-0776-6A6B-F1A628371953</sourceEntity>
<targetCardinalityString>*</targetCardinalityString>
<targetEntity>2A4368D4-EDE1-04D2-C963-41853223D053</targetEntity>
<transferable>true</transferable>
<deleteRule>NO ACTION</deleteRule>
</Relation>