<?xml version = '1.0' encoding = 'UTF-8'?>
<Relation class="oracle.dbtools.crest.model.design.logical.Relation" name="DETALLE_VENTA_PRODUCTO_FK" directorySegmentName="seg_0" id="4086F29A-3E3B-28F9-44F3-2C345363C2B8">
<createdBy>carlamiranda</createdBy>
<createdTime>2026-02-09 23:50:00 UTC</createdTime>
<generatorID>97ED77C4-DC31-03D3-00CD-C99E66038031</generatorID>
<ownerDesignName>segundasumativaMBD</ownerDesignName>
<engineerTo>
<item key="CCD07468-0916-83AA-04EE-AC8740866C74" value="true"/>
</engineerTo>
<sourcePk>CBBD1A06-F568-28F1-257E-51CB78F0FA20</sourcePk>
<identifying>false</identifying>
<optionalSource>true</optionalSource>
<optionalTarget>false</optionalTarget>
<sourceCardinality>1</sourceCardinality>
<sourceEntity>AAD0CB17-DA83-E195-40F0-BCE93564E542</sourceEntity>
<targetCardinalityString>*</targetCardinalityString>
<targetEntity>9CBBEF47-B465-BE5F-08B6-14F1989BF4BF</targetEntity>
<transferable>true</transferable>
<deleteRule>NO ACTION</deleteRule>
</Relation>