<?xml version = '1.0' encoding = 'UTF-8'?>
<Relation class="oracle.dbtools.crest.model.design.logical.Relation" name="CLIENTE COMUNA FK" directorySegmentName="seg_0" id="4B911180-E078-BB42-D200-62067EB716DB">
<createdBy>carlamiranda</createdBy>
<createdTime>2026-02-09 23:18:20 UTC</createdTime>
<ownerDesignName>segundasumativaMBD</ownerDesignName>
<engineerTo>
<item key="CCD07468-0916-83AA-04EE-AC8740866C74" value="true"/>
</engineerTo>
<sourcePk>5D34DFAC-2169-5F6A-54AB-A7FF32DD7480</sourcePk>
<identifying>false</identifying>
<optionalSource>true</optionalSource>
<optionalTarget>false</optionalTarget>
<sourceCardinality>1</sourceCardinality>
<sourceEntity>2A4368D4-EDE1-04D2-C963-41853223D053</sourceEntity>
<targetCardinalityString>*</targetCardinalityString>
<targetEntity>7222AA5D-31F2-1391-56D5-EA5055543B89</targetEntity>
<transferable>true</transferable>
<deleteRule>NO ACTION</deleteRule>
</Relation>