<?xml version = '1.0' encoding = 'UTF-8'?>
<Relation class="oracle.dbtools.crest.model.design.logical.Relation" name="SUCURSAL COMUNA FK" directorySegmentName="seg_0" id="58FB94AC-183F-47FA-AD24-1319BEBC27DD">
<createdBy>carlamiranda</createdBy>
<createdTime>2026-02-09 23:20:43 UTC</createdTime>
<ownerDesignName>segundasumativaMBD</ownerDesignName>
<engineerTo>
<item key="CCD07468-0916-83AA-04EE-AC8740866C74" value="true"/>
</engineerTo>
<sourcePk>5D34DFAC-2169-5F6A-54AB-A7FF32DD7480</sourcePk>
<identifying>false</identifying>
<optionalSource>true</optionalSource>
<optionalTarget>false</optionalTarget>
<sourceCardinality>1</sourceCardinality>
<sourceEntity>2A4368D4-EDE1-04D2-C963-41853223D053</sourceEntity>
<targetCardinalityString>*</targetCardinalityString>
<targetEntity>C5985F58-7507-F600-B350-C096EFF26A22</targetEntity>
<transferable>true</transferable>
<deleteRule>NO ACTION</deleteRule>
</Relation>