<?xml version = '1.0' encoding = 'UTF-8'?>
<Relation class="oracle.dbtools.crest.model.design.logical.Relation" name="PRODUCTO MARCA FK" directorySegmentName="seg_0" id="6605B526-7170-D26B-830A-8F19B848DC0A">
<createdBy>carlamiranda</createdBy>
<createdTime>2026-02-09 23:21:13 UTC</createdTime>
<ownerDesignName>segundasumativaMBD</ownerDesignName>
<engineerTo>
<item key="CCD07468-0916-83AA-04EE-AC8740866C74" value="true"/>
</engineerTo>
<sourcePk>34EE397C-E160-2423-23F1-F461694A108B</sourcePk>
<identifying>false</identifying>
<optionalSource>true</optionalSource>
<optionalTarget>false</optionalTarget>
<sourceCardinality>1</sourceCardinality>
<sourceEntity>9EEFC32A-4037-4601-EA7D-293EE3D9DAE4</sourceEntity>
<targetCardinalityString>*</targetCardinalityString>
<targetEntity>AAD0CB17-DA83-E195-40F0-BCE93564E542</targetEntity>
<transferable>true</transferable>
<deleteRule>NO ACTION</deleteRule>
</Relation>