<?xml version = '1.0' encoding = 'UTF-8'?>
<Relation class="oracle.dbtools.crest.model.design.logical.Relation" name="PRODUCTO CATEGORIA FK" directorySegmentName="seg_0" id="81456B0A-C540-91DA-15E1-ACF0FC7E848E">
<createdBy>carlamiranda</createdBy>
<createdTime>2026-02-09 23:21:31 UTC</createdTime>
<ownerDesignName>segundasumativaMBD</ownerDesignName>
<engineerTo>
<item key="CCD07468-0916-83AA-04EE-AC8740866C74" value="true"/>
</engineerTo>
<sourcePk>F5D91C2A-A211-29E4-F38D-D7F3357B7648</sourcePk>
<identifying>false</identifying>
<optionalSource>true</optionalSource>
<optionalTarget>false</optionalTarget>
<sourceCardinality>1</sourceCardinality>
<sourceEntity>BA2235BA-6F46-EB42-E7A2-FDE3B1F1FB51</sourceEntity>
<targetCardinalityString>*</targetCardinalityString>
<targetEntity>AAD0CB17-DA83-E195-40F0-BCE93564E542</targetEntity>
<transferable>true</transferable>
<deleteRule>NO ACTION</deleteRule>
</Relation>