<?xml version = '1.0' encoding = 'UTF-8'?>
<Relation class="oracle.dbtools.crest.model.design.logical.Relation" name="TELEFONO CLIENTE CLIENTE FK" directorySegmentName="seg_0" id="8FA1A888-FCB3-8AC2-CEAF-E1418A4F4AC7">
<createdBy>carlamiranda</createdBy>
<createdTime>2026-02-09 23:19:28 UTC</createdTime>
<ownerDesignName>segundasumativaMBD</ownerDesignName>
<engineerTo>
<item key="CCD07468-0916-83AA-04EE-AC8740866C74" value="true"/>
</engineerTo>
<sourcePk>4A6F22FC-A5FC-FBDA-5BD8-F3228FD6B769</sourcePk>
<identifying>false</identifying>
<optionalSource>true</optionalSource>
<optionalTarget>false</optionalTarget>
<sourceCardinality>1</sourceCardinality>
<sourceEntity>7222AA5D-31F2-1391-56D5-EA5055543B89</sourceEntity>
<targetCardinalityString>*</targetCardinalityString>
<targetEntity>64AACB69-DC28-6320-7542-3F2F21180B89</targetEntity>
<transferable>true</transferable>
<deleteRule>NO ACTION</deleteRule>
</Relation>