<?xml version = '1.0' encoding = 'UTF-8'?>
<Relation class="oracle.dbtools.crest.model.design.logical.Relation" name="VENTA SUCURSAL FK" directorySegmentName="seg_0" id="922FBA0C-C31E-BDFC-1F59-5143F7F23F23">
<createdBy>carlamiranda</createdBy>
<createdTime>2026-02-09 23:24:29 UTC</createdTime>
<ownerDesignName>segundasumativaMBD</ownerDesignName>
<engineerTo>
<item key="CCD07468-0916-83AA-04EE-AC8740866C74" value="true"/>
</engineerTo>
<sourcePk>8DDFECB9-063A-3089-56BF-3A36245B2941</sourcePk>
<identifying>false</identifying>
<optionalSource>true</optionalSource>
<optionalTarget>false</optionalTarget>
<sourceCardinality>1</sourceCardinality>
<sourceEntity>C5985F58-7507-F600-B350-C096EFF26A22</sourceEntity>
<targetCardinalityString>*</targetCardinalityString>
<targetEntity>AEF6583B-879E-7CB6-F216-5D0BD95918CF</targetEntity>
<transferable>true</transferable>
<deleteRule>NO ACTION</deleteRule>
</Relation>