<?xml version = '1.0' encoding = 'UTF-8'?>
<Relation class="oracle.dbtools.crest.model.design.logical.Relation" name="PRODUCTO_SUCURSAL_FK" directorySegmentName="seg_0" id="99D50B11-28FB-9001-BCC7-77B3A6D0357D">
<createdBy>carlamiranda</createdBy>
<createdTime>2026-02-09 23:50:00 UTC</createdTime>
<generatorID>15CED419-289A-5AB7-348B-8BFAD975BA07</generatorID>
<ownerDesignName>segundasumativaMBD</ownerDesignName>
<engineerTo>
<item key="CCD07468-0916-83AA-04EE-AC8740866C74" value="true"/>
</engineerTo>
<sourcePk>8DDFECB9-063A-3089-56BF-3A36245B2941</sourcePk>
<identifying>false</identifying>
<optionalSource>true</optionalSource>
<optionalTarget>false</optionalTarget>
<sourceCardinality>1</sourceCardinality>
<sourceEntity>C5985F58-7507-F600-B350-C096EFF26A22</sourceEntity>
<targetCardinalityString>*</targetCardinalityString>
<targetEntity>AAD0CB17-DA83-E195-40F0-BCE93564E542</targetEntity>
<transferable>true</transferable>
<deleteRule>NO ACTION</deleteRule>
</Relation>