<?xml version = '1.0' encoding = 'UTF-8'?>
<Relation class="oracle.dbtools.crest.model.design.logical.Relation" name="Relation_11" directorySegmentName="seg_0" id="A6D1FF5E-3EDD-648D-1E98-D31038D52B0E">
<createdBy>carlamiranda</createdBy>
<createdTime>2026-02-09 23:23:05 UTC</createdTime>
<ownerDesignName>segundasumativaMBD</ownerDesignName>
<engineerTo>
<item key="CCD07468-0916-83AA-04EE-AC8740866C74" value="true"/>
</engineerTo>
<identifying>false</identifying>
<optionalSource>true</optionalSource>
<optionalTarget>false</optionalTarget>
<sourceCardinality>*</sourceCardinality>
<sourceEntity>AAD0CB17-DA83-E195-40F0-BCE93564E542</sourceEntity>
<targetCardinalityString>*</targetCardinalityString>
<targetEntity>9CBBEF47-B465-BE5F-08B6-14F1989BF4BF</targetEntity>
<transferable>true</transferable>
<deleteRule>NO ACTION</deleteRule>
</Relation>