<?xml version = '1.0' encoding = 'UTF-8'?>
<Relation class="oracle.dbtools.crest.model.design.logical.Relation" name="DETALLE VENTA VENTA FK" directorySegmentName="seg_0" id="E7D1D914-02F2-A46E-6615-2759473CF1C1">
<createdBy>carlamiranda</createdBy>
<createdTime>2026-02-09 23:22:57 UTC</createdTime>
<ownerDesignName>segundasumativaMBD</ownerDesignName>
<engineerTo>
<item key="CCD07468-0916-83AA-04EE-AC8740866C74" value="true"/>
</engineerTo>
<sourcePk>8F4ADBE1-8096-81B5-30A1-83A056BD845F</sourcePk>
<identifying>false</identifying>
<optionalSource>true</optionalSource>
<optionalTarget>false</optionalTarget>
<sourceCardinality>1</sourceCardinality>
<sourceEntity>AEF6583B-879E-7CB6-F216-5D0BD95918CF</sourceEntity>
<targetCardinalityString>*</targetCardinalityString>
<targetEntity>9CBBEF47-B465-BE5F-08B6-14F1989BF4BF</targetEntity>
<transferable>true</transferable>
<deleteRule>NO ACTION</deleteRule>
</Relation>