<?xml version = '1.0' encoding = 'UTF-8'?>
<Relation class="oracle.dbtools.crest.model.design.logical.Relation" name="VENTA CLIENTE FK" directorySegmentName="seg_0" id="E83BBCCE-7A6A-C559-FF0D-B57DEEEAFF2F">
<createdBy>carlamiranda</createdBy>
<createdTime>2026-02-09 23:24:24 UTC</createdTime>
<ownerDesignName>segundasumativaMBD</ownerDesignName>
<engineerTo>
<item key="CCD07468-0916-83AA-04EE-AC8740866C74" value="true"/>
</engineerTo>
<sourcePk>4A6F22FC-A5FC-FBDA-5BD8-F3228FD6B769</sourcePk>
<identifying>false</identifying>
<optionalSource>true</optionalSource>
<optionalTarget>false</optionalTarget>
<sourceCardinality>1</sourceCardinality>
<sourceEntity>7222AA5D-31F2-1391-56D5-EA5055543B89</sourceEntity>
<targetCardinalityString>*</targetCardinalityString>
<targetEntity>AEF6583B-879E-7CB6-F216-5D0BD95918CF</targetEntity>
<transferable>true</transferable>
<deleteRule>NO ACTION</deleteRule>
</Relation>