<?xml version = '1.0' encoding = 'UTF-8'?>
<Diagram class="oracle.dbtools.crest.swingui.relational.DPVRelational" name="Relational_1" id="25FFEA88-BF90-CCAC-B259-4F5668314AE1">
<createdBy>carlamiranda</createdBy>
<modifiedBy>carlamiranda</modifiedBy>
<createdTime>2026-02-09 23:11:03 UTC</createdTime>
<autoRoute>false</autoRoute>
<boxInbox>true</boxInbox>
<showLegend>false</showLegend>
<showLabels>false</showLabels>
<showRelAttributes>false</showRelAttributes>
<gridEnabled>false</gridEnabled>
<showGrid>false</showGrid>
<diagramColor>-1</diagramColor>
<display>false</display>
<notation>1</notation>
<objectViews>
<OView class="oracle.dbtools.crest.swingui.relational.TVTable" oid="291DC53F-F8DA-F916-ABC4-35CBFDE4BEBA" otype="Table" vid="83FDBD9F-8D03-1F9F-4AA4-51217CA0DBDD">
<hideElementsInCurrentOnly>false</hideElementsInCurrentOnly>
<bounds x="57" y="34" width="264" height="116"/>
</OView>
<OView class="oracle.dbtools.crest.swingui.relational.TVTable" oid="327D6E05-E4A0-3343-6B01-F61A842B7179" otype="Table" vid="BD96C19F-159A-F065-979B-C6B0DDAD22BC">
<hideElementsInCurrentOnly>false</hideElementsInCurrentOnly>
<bounds x="475" y="0" width="224" height="115"/>
</OView>
<OView class="oracle.dbtools.crest.swingui.relational.TVTable" oid="503D6F45-A404-6B3E-AA5B-C70A4808D7FE" otype="Table" vid="B2E9D9F9-847B-A9C4-1C7C-6ECCD111C9DF">
<hideElementsInCurrentOnly>false</hideElementsInCurrentOnly>
<bounds x="541" y="414" width="330" height="169"/>
</OView>
<OView class="oracle.dbtools.crest.swingui.relational.TVTable" oid="624FCC12-FF25-9883-7D55-5989B670B13B" otype="Table" vid="C02D8BF0-14D0-A320-586E-6CB4179EA513">
<hideElementsInCurrentOnly>false</hideElementsInCurrentOnly>
<bounds x="962" y="562" width="197" height="92"/>
</OView>
<OView class="oracle.dbtools.crest.swingui.relational.TVTable" oid="6CAC335A-A4FF-6F89-0669-D52A30D53FF3" otype="Table" vid="C1355E66-B653-ACF9-A521-D619EA32264E">
<hideElementsInCurrentOnly>false</hideElementsInCurrentOnly>
<bounds x="503" y="629" width="170" height="68"/>
</OView>
<OView class="oracle.dbtools.crest.swingui.relational.TVTable" oid="A4E72735-6899-D459-BB73-B05100237009" otype="Table" vid="994BC67C-A8B1-A625-40AA-AD1F6280F6CB">
<hideElementsInCurrentOnly>false</hideElementsInCurrentOnly>
<bounds x="943" y="379" width="220" height="136"/>
</OView>
<OView class="oracle.dbtools.crest.swingui.relational.TVTable" oid="B4938B85-C416-034D-4318-DCC78BC5717B" otype="Table" vid="8D591AAC-B18D-46F1-C2AC-45694B44CB95">
<hideElementsInCurrentOnly>false</hideElementsInCurrentOnly>
<bounds x="780" y="212" width="280" height="139"/>
</OView>
<OView class="oracle.dbtools.crest.swingui.relational.TVTable" oid="BB22EE30-0044-B85D-DD8D-A581BB7BFB02" otype="Table" vid="D4E670AD-A80B-EAA7-0B0A-1CD8422B0092">
<hideElementsInCurrentOnly>false</hideElementsInCurrentOnly>
<bounds x="44" y="431" width="286" height="207"/>
</OView>
<OView class="oracle.dbtools.crest.swingui.relational.TVTable" oid="C0ADB7AD-6AA8-D251-5706-9DA9309CFEF1" otype="Table" vid="6E5F2244-38FE-B9F6-E6C0-5BE5BC13F933">
<hideElementsInCurrentOnly>false</hideElementsInCurrentOnly>
<bounds x="879" y="41" width="235" height="118"/>
</OView>
<OView class="oracle.dbtools.crest.swingui.relational.TVTable" oid="D1DA5627-F2E2-9489-3F23-691D54E1EF10" otype="Table" vid="E46DF84D-F282-55CB-1DBD-C70B422CC9F5">
<hideElementsInCurrentOnly>false</hideElementsInCurrentOnly>
<bounds x="379" y="184" width="254" height="128"/>
</OView>
<OView class="oracle.dbtools.crest.swingui.relational.TVTable" oid="FBB54C36-A7F3-2CB4-ACF2-5D8C14621A32" otype="Table" vid="944E6EF2-94C4-D1C7-21F3-DBD6B77035D4">
<hideElementsInCurrentOnly>false</hideElementsInCurrentOnly>
<bounds x="25" y="257" width="294" height="104"/>
</OView>
</objectViews>
<connectors>
<Connector class="oracle.dbtools.crest.swingui.relational.TVFKRelation" oid="15CED419-289A-5AB7-348B-8BFAD975BA07" otype="FKIndexAssociation" vid_source="8D591AAC-B18D-46F1-C2AC-45694B44CB95" vid_target="D4E670AD-A80B-EAA7-0B0A-1CD8422B0092">
<hideElementsInCurrentOnly>false</hideElementsInCurrentOnly>
<backgroundColor>-16777216</backgroundColor>
<lineWidth>1</lineWidth>
<points>
<point x="780" y="329"/>
<point x="330" y="545"/>
</points>
</Connector>
<Connector class="oracle.dbtools.crest.swingui.relational.TVFKRelation" oid="179100D3-C403-21DE-C0ED-09C3783D4D2B" otype="FKIndexAssociation" vid_source="E46DF84D-F282-55CB-1DBD-C70B422CC9F5" vid_target="B2E9D9F9-847B-A9C4-1C7C-6ECCD111C9DF">
<hideElementsInCurrentOnly>false</hideElementsInCurrentOnly>
<backgroundColor>-16777216</backgroundColor>
<lineWidth>1</lineWidth>
<points>
<point x="587" y="312"/>
<point x="587" y="414"/>
</points>
</Connector>
<Connector class="oracle.dbtools.crest.swingui.relational.TVFKRelation" oid="5D7D26F0-6AE3-6955-9BF3-63EFAE1088BA" otype="FKIndexAssociation" vid_source="C02D8BF0-14D0-A320-586E-6CB4179EA513" vid_target="D4E670AD-A80B-EAA7-0B0A-1CD8422B0092">
<hideElementsInCurrentOnly>false</hideElementsInCurrentOnly>
<backgroundColor>-16777216</backgroundColor>
<lineWidth>1</lineWidth>
<points>
<point x="962" y="615"/>
<point x="330" y="615"/>
</points>
</Connector>
<Connector class="oracle.dbtools.crest.swingui.relational.TVFKRelation" oid="6F3720BF-A0A2-0854-989B-A4A65DE0D80E" otype="FKIndexAssociation" vid_source="6E5F2244-38FE-B9F6-E6C0-5BE5BC13F933" vid_target="83FDBD9F-8D03-1F9F-4AA4-51217CA0DBDD">
<hideElementsInCurrentOnly>false</hideElementsInCurrentOnly>
<backgroundColor>-16777216</backgroundColor>
<lineWidth>1</lineWidth>
<points>
<point x="879" y="125"/>
<point x="321" y="125"/>
</points>
</Connector>
<Connector class="oracle.dbtools.crest.swingui.relational.TVFKRelation" oid="97ED77C4-DC31-03D3-00CD-C99E66038031" otype="FKIndexAssociation" vid_source="D4E670AD-A80B-EAA7-0B0A-1CD8422B0092" vid_target="B2E9D9F9-847B-A9C4-1C7C-6ECCD111C9DF">
<hideElementsInCurrentOnly>false</hideElementsInCurrentOnly>
<backgroundColor>-16777216</backgroundColor>
<lineWidth>1</lineWidth>
<points>
<point x="330" y="507"/>
<point x="541" y="507"/>
</points>
</Connector>
<Connector class="oracle.dbtools.crest.swingui.relational.TVFKRelation" oid="A683E3B4-3A1F-9658-3D7B-8FA6DB8AF96A" otype="FKIndexAssociation" vid_source="BD96C19F-159A-F065-979B-C6B0DDAD22BC" vid_target="6E5F2244-38FE-B9F6-E6C0-5BE5BC13F933">
<hideElementsInCurrentOnly>false</hideElementsInCurrentOnly>
<backgroundColor>-16777216</backgroundColor>
<lineWidth>1</lineWidth>
<points>
<point x="699" y="78"/>
<point x="879" y="78"/>
</points>
</Connector>
<Connector class="oracle.dbtools.crest.swingui.relational.TVFKRelation" oid="AAC4EE38-9E37-282C-C1CC-4C6B31D28DD6" otype="FKIndexAssociation" vid_source="C1355E66-B653-ACF9-A521-D619EA32264E" vid_target="D4E670AD-A80B-EAA7-0B0A-1CD8422B0092">
<hideElementsInCurrentOnly>false</hideElementsInCurrentOnly>
<backgroundColor>-16777216</backgroundColor>
<lineWidth>1</lineWidth>
<points>
<point x="503" y="633"/>
<point x="330" y="633"/>
</points>
</Connector>
<Connector class="oracle.dbtools.crest.swingui.relational.TVFKRelation" oid="AE48A3CD-76B7-3337-EEAA-36F4BFB0FEA2" otype="FKIndexAssociation" vid_source="83FDBD9F-8D03-1F9F-4AA4-51217CA0DBDD" vid_target="944E6EF2-94C4-D1C7-21F3-DBD6B77035D4">
<hideElementsInCurrentOnly>false</hideElementsInCurrentOnly>
<backgroundColor>-16777216</backgroundColor>
<lineWidth>1</lineWidth>
<points>
<point x="203" y="150"/>
<point x="203" y="257"/>
</points>
</Connector>
<Connector class="oracle.dbtools.crest.swingui.relational.TVFKRelation" oid="DDACFA0D-EFB0-2F3C-F666-7E1C3D263E37" otype="FKIndexAssociation" vid_source="6E5F2244-38FE-B9F6-E6C0-5BE5BC13F933" vid_target="8D591AAC-B18D-46F1-C2AC-45694B44CB95">
<hideElementsInCurrentOnly>false</hideElementsInCurrentOnly>
<backgroundColor>-16777216</backgroundColor>
<lineWidth>1</lineWidth>
<points>
<point x="969" y="159"/>
<point x="969" y="212"/>
</points>
</Connector>
<Connector class="oracle.dbtools.crest.swingui.relational.TVFKRelation" oid="F4EC4D7A-4010-C6D4-5702-242AF34D16A1" otype="FKIndexAssociation" vid_source="8D591AAC-B18D-46F1-C2AC-45694B44CB95" vid_target="E46DF84D-F282-55CB-1DBD-C70B422CC9F5">
<hideElementsInCurrentOnly>false</hideElementsInCurrentOnly>
<backgroundColor>-16777216</backgroundColor>
<lineWidth>1</lineWidth>
<points>
<point x="780" y="277"/>
<point x="633" y="277"/>
</points>
</Connector>
<Connector class="oracle.dbtools.crest.swingui.relational.TVFKRelation" oid="FCAFA26E-A233-CAD3-200D-6FDD9CA36AB3" otype="FKIndexAssociation" vid_source="83FDBD9F-8D03-1F9F-4AA4-51217CA0DBDD" vid_target="E46DF84D-F282-55CB-1DBD-C70B422CC9F5">
<hideElementsInCurrentOnly>false</hideElementsInCurrentOnly>
<backgroundColor>-16777216</backgroundColor>
<lineWidth>1</lineWidth>
<points>
<point x="306" y="150"/>
<point x="379" y="215"/>
</points>
</Connector>
</connectors>
</Diagram>