<?xml version = '1.0' encoding = 'UTF-8'?>
<Diagram class="oracle.dbtools.crest.swingui.logical.DPVLogical" name="Logical" id="2F8A114E-D6EE-7C4C-8F03-4663B81D9832">
<createdBy>carlamiranda</createdBy>
<modifiedBy>carlamiranda</modifiedBy>
<createdTime>2026-02-09 21:37:59 UTC</createdTime>
<autoRoute>false</autoRoute>
<boxInbox>true</boxInbox>
<showLegend>false</showLegend>
<showLabels>false</showLabels>
<showRelAttributes>false</showRelAttributes>
<gridEnabled>false</gridEnabled>
<showGrid>false</showGrid>
<diagramColor>-1</diagramColor>
<display>false</display>
<notation>1</notation>
<objectViews>
<OView class="oracle.dbtools.crest.swingui.logical.TVEntity" oid="2A4368D4-EDE1-04D2-C963-41853223D053" otype="Entity" vid="977085E9-75FF-2D54-9180-C407CEA6BD38">
<hideElementsInCurrentOnly>false</hideElementsInCurrentOnly>
<bounds x="879" y="41" width="235" height="118"/>
</OView>
<OView class="oracle.dbtools.crest.swingui.logical.TVEntity" oid="32A7A78A-0523-C8FE-B278-D8085B2A2731" otype="Entity" vid="4791C044-92E1-7BBE-5673-7F95A1CB8C59">
<hideElementsInCurrentOnly>false</hideElementsInCurrentOnly>
<bounds x="943" y="379" width="220" height="136"/>
</OView>
<OView class="oracle.dbtools.crest.swingui.logical.TVEntity" oid="64AACB69-DC28-6320-7542-3F2F21180B89" otype="Entity" vid="7ED1F1C3-D0B4-1286-2FEF-A315F43D890D">
<hideElementsInCurrentOnly>false</hideElementsInCurrentOnly>
<bounds x="25" y="257" width="294" height="104"/>
</OView>
<OView class="oracle.dbtools.crest.swingui.logical.TVEntity" oid="7222AA5D-31F2-1391-56D5-EA5055543B89" otype="Entity" vid="2630C39A-C676-7416-308F-1AC578630F4E">
<hideElementsInCurrentOnly>false</hideElementsInCurrentOnly>
<bounds x="57" y="34" width="264" height="116"/>
</OView>
<OView class="oracle.dbtools.crest.swingui.logical.TVEntity" oid="9CBBEF47-B465-BE5F-08B6-14F1989BF4BF" otype="Entity" vid="D48494D0-3B6C-7C13-64F2-3B3686FD3C66">
<hideElementsInCurrentOnly>false</hideElementsInCurrentOnly>
<bounds x="541" y="414" width="330" height="169"/>
</OView>
<OView class="oracle.dbtools.crest.swingui.logical.TVEntity" oid="9EEFC32A-4037-4601-EA7D-293EE3D9DAE4" otype="Entity" vid="310CC15D-0021-1D86-DBA0-22FC4A7B4437">
<hideElementsInCurrentOnly>false</hideElementsInCurrentOnly>
<bounds x="503" y="629" width="170" height="68"/>
</OView>
<OView class="oracle.dbtools.crest.swingui.logical.TVEntity" oid="AAD0CB17-DA83-E195-40F0-BCE93564E542" otype="Entity" vid="7F22CE0F-1072-EC76-970E-B6FC695F9F24">
<hideElementsInCurrentOnly>false</hideElementsInCurrentOnly>
<bounds x="44" y="431" width="286" height="207"/>
</OView>
<OView class="oracle.dbtools.crest.swingui.logical.TVEntity" oid="AEF6583B-879E-7CB6-F216-5D0BD95918CF" otype="Entity" vid="18D9210F-B76E-23C5-30C7-18BC058B4722">
<hideElementsInCurrentOnly>false</hideElementsInCurrentOnly>
<bounds x="379" y="184" width="254" height="128"/>
</OView>
<OView class="oracle.dbtools.crest.swingui.logical.TVEntity" oid="BA2235BA-6F46-EB42-E7A2-FDE3B1F1FB51" otype="Entity" vid="CAD2EADD-3DA2-60D8-4E85-789477BAF9DA">
<hideElementsInCurrentOnly>false</hideElementsInCurrentOnly>
<bounds x="962" y="562" width="197" height="92"/>
</OView>
<OView class="oracle.dbtools.crest.swingui.logical.TVEntity" oid="C4A9C404-6E5E-0776-6A6B-F1A628371953" otype="Entity" vid="20FCB07E-498F-2BA3-50C4-43BD0795F060">
<hideElementsInCurrentOnly>false</hideElementsInCurrentOnly>
<bounds x="475" y="0" width="224" height="115"/>
</OView>
<OView class="oracle.dbtools.crest.swingui.logical.TVEntity" oid="C5985F58-7507-F600-B350-C096EFF26A22" otype="Entity" vid="93DCC2BA-FD76-5FB6-322D-8E58EAC26D9B">
<hideElementsInCurrentOnly>false</hideElementsInCurrentOnly>
<bounds x="780" y="212" width="280" height="139"/>
</OView>
</objectViews>
<connectors>
<Connector class="oracle.dbtools.crest.swingui.logical.TVRelation" oid="2962CA21-C5ED-1B88-70C1-37843D359DD8" otype="Relation" vid_source="20FCB07E-498F-2BA3-50C4-43BD0795F060" vid_target="977085E9-75FF-2D54-9180-C407CEA6BD38">
<hideElementsInCurrentOnly>false</hideElementsInCurrentOnly>
<backgroundColor>-16777216</backgroundColor>
<lineWidth>1</lineWidth>
<points>
<point x="699" y="78"/>
<point x="879" y="78"/>
</points>
</Connector>
<Connector class="oracle.dbtools.crest.swingui.logical.TVRelation" oid="4086F29A-3E3B-28F9-44F3-2C345363C2B8" otype="Relation" vid_source="7F22CE0F-1072-EC76-970E-B6FC695F9F24" vid_target="D48494D0-3B6C-7C13-64F2-3B3686FD3C66">
<hideElementsInCurrentOnly>false</hideElementsInCurrentOnly>
<backgroundColor>-16777216</backgroundColor>
<lineWidth>1</lineWidth>
<points>
<point x="330" y="507"/>
<point x="541" y="507"/>
</points>
</Connector>
<Connector class="oracle.dbtools.crest.swingui.logical.TVRelation" oid="4B911180-E078-BB42-D200-62067EB716DB" otype="Relation" vid_source="977085E9-75FF-2D54-9180-C407CEA6BD38" vid_target="2630C39A-C676-7416-308F-1AC578630F4E">
<hideElementsInCurrentOnly>false</hideElementsInCurrentOnly>
<backgroundColor>-16777216</backgroundColor>
<lineWidth>1</lineWidth>
<points>
<point x="879" y="125"/>
<point x="321" y="125"/>
</points>
</Connector>
<Connector class="oracle.dbtools.crest.swingui.logical.TVRelation" oid="58FB94AC-183F-47FA-AD24-1319BEBC27DD" otype="Relation" vid_source="977085E9-75FF-2D54-9180-C407CEA6BD38" vid_target="93DCC2BA-FD76-5FB6-322D-8E58EAC26D9B">
<hideElementsInCurrentOnly>false</hideElementsInCurrentOnly>
<backgroundColor>-16777216</backgroundColor>
<lineWidth>1</lineWidth>
<points>
<point x="969" y="159"/>
<point x="969" y="212"/>
</points>
</Connector>
<Connector class="oracle.dbtools.crest.swingui.logical.TVRelation" oid="6605B526-7170-D26B-830A-8F19B848DC0A" otype="Relation" vid_source="310CC15D-0021-1D86-DBA0-22FC4A7B4437" vid_target="7F22CE0F-1072-EC76-970E-B6FC695F9F24">
<hideElementsInCurrentOnly>false</hideElementsInCurrentOnly>
<backgroundColor>-16777216</backgroundColor>
<lineWidth>1</lineWidth>
<points>
<point x="503" y="633"/>
<point x="330" y="633"/>
</points>
</Connector>
<Connector class="oracle.dbtools.crest.swingui.logical.TVRelation" oid="81456B0A-C540-91DA-15E1-ACF0FC7E848E" otype="Relation" vid_source="CAD2EADD-3DA2-60D8-4E85-789477BAF9DA" vid_target="7F22CE0F-1072-EC76-970E-B6FC695F9F24">
<hideElementsInCurrentOnly>false</hideElementsInCurrentOnly>
<backgroundColor>-16777216</backgroundColor>
<lineWidth>1</lineWidth>
<points>
<point x="962" y="615"/>
<point x="330" y="615"/>
</points>
</Connector>
<Connector class="oracle.dbtools.crest.swingui.logical.TVRelation" oid="8FA1A888-FCB3-8AC2-CEAF-E1418A4F4AC7" otype="Relation" vid_source="2630C39A-C676-7416-308F-1AC578630F4E" vid_target="7ED1F1C3-D0B4-1286-2FEF-A315F43D890D">
<hideElementsInCurrentOnly>false</hideElementsInCurrentOnly>
<backgroundColor>-16777216</backgroundColor>
<lineWidth>1</lineWidth>
<points>
<point x="203" y="150"/>
<point x="203" y="257"/>
</points>
</Connector>
<Connector class="oracle.dbtools.crest.swingui.logical.TVRelation" oid="922FBA0C-C31E-BDFC-1F59-5143F7F23F23" otype="Relation" vid_source="93DCC2BA-FD76-5FB6-322D-8E58EAC26D9B" vid_target="18D9210F-B76E-23C5-30C7-18BC058B4722">
<hideElementsInCurrentOnly>false</hideElementsInCurrentOnly>
<backgroundColor>-16777216</backgroundColor>
<lineWidth>1</lineWidth>
<points>
<point x="780" y="277"/>
<point x="633" y="277"/>
</points>
</Connector>
<Connector class="oracle.dbtools.crest.swingui.logical.TVRelation" oid="99D50B11-28FB-9001-BCC7-77B3A6D0357D" otype="Relation" vid_source="93DCC2BA-FD76-5FB6-322D-8E58EAC26D9B" vid_target="7F22CE0F-1072-EC76-970E-B6FC695F9F24">
<hideElementsInCurrentOnly>false</hideElementsInCurrentOnly>
<backgroundColor>-16777216</backgroundColor>
<lineWidth>1</lineWidth>
<points>
<point x="780" y="329"/>
<point x="330" y="560"/>
</points>
</Connector>
<Connector class="oracle.dbtools.crest.swingui.logical.TVRelation" oid="A6D1FF5E-3EDD-648D-1E98-D31038D52B0E" otype="Relation" vid_source="7F22CE0F-1072-EC76-970E-B6FC695F9F24" vid_target="D48494D0-3B6C-7C13-64F2-3B3686FD3C66">
<hideElementsInCurrentOnly>false</hideElementsInCurrentOnly>
<backgroundColor>-16777216</backgroundColor>
<lineWidth>1</lineWidth>
<points>
<point x="330" y="485"/>
<point x="455" y="485"/>
</points>
</Connector>
<Connector class="oracle.dbtools.crest.swingui.logical.TVRelation" oid="E7D1D914-02F2-A46E-6615-2759473CF1C1" otype="Relation" vid_source="18D9210F-B76E-23C5-30C7-18BC058B4722" vid_target="D48494D0-3B6C-7C13-64F2-3B3686FD3C66">
<hideElementsInCurrentOnly>false</hideElementsInCurrentOnly>
<backgroundColor>-16777216</backgroundColor>
<lineWidth>1</lineWidth>
<points>
<point x="587" y="312"/>
<point x="587" y="414"/>
</points>
</Connector>
<Connector class="oracle.dbtools.crest.swingui.logical.TVRelation" oid="E83BBCCE-7A6A-C559-FF0D-B57DEEEAFF2F" otype="Relation" vid_source="2630C39A-C676-7416-308F-1AC578630F4E" vid_target="18D9210F-B76E-23C5-30C7-18BC058B4722">
<hideElementsInCurrentOnly>false</hideElementsInCurrentOnly>
<backgroundColor>-16777216</backgroundColor>
<lineWidth>1</lineWidth>
<points>
<point x="306" y="150"/>
<point x="379" y="230"/>
</points>
</Connector>
</connectors>
</Diagram>