<?xml version = '1.0' encoding = 'UTF-8'?>
<Table class="oracle.dbtools.crest.model.design.relational.Table" directorySegmentName="seg_0" id="291DC53F-F8DA-F916-ABC4-35CBFDE4BEBA" name="CLIENTE">
<createdBy>carlamiranda</createdBy>
<createdTime>2026-02-09 23:11:03 UTC</createdTime>
<generatorID>7222AA5D-31F2-1391-56D5-EA5055543B89</generatorID>
<ownerDesignName>segundasumativaMBD</ownerDesignName>
<allowColumnReorder>false</allowColumnReorder>
<existDependencyGenerateInDDl>true</existDependencyGenerateInDDl>
<parsed>true</parsed>
<columns itemClass="oracle.dbtools.crest.model.design.relational.Column">
<Column name="id_cliente" id="E2BCAC1D-5091-719D-3F67-AE2555190EA4">
<createdBy>carlamiranda</createdBy>
<createdTime>2026-02-09 23:11:03 UTC</createdTime>
<generatorID>BB3E8EB7-F521-0765-4956-54A1444C6992</generatorID>
<ownerDesignName>segundasumativaMBD</ownerDesignName>
<useDomainConstraints>false</useDomainConstraints>
<use>1</use>
<logicalDatatype>LOGDT019</logicalDatatype>
<dataTypePrecision>6</dataTypePrecision>
<ownDataTypeParameters>,6,</ownDataTypeParameters>
<autoIncrementCycle>false</autoIncrementCycle>
</Column>
<Column name="nombre_completo" id="C06F8A04-FC81-E398-785F-1B1F8E8FC0F8">
<createdBy>carlamiranda</createdBy>
<createdTime>2026-02-09 23:11:03 UTC</createdTime>
<generatorID>AEFE8A56-497C-DE6A-9574-63EF60A47E84</generatorID>
<ownerDesignName>segundasumativaMBD</ownerDesignName>
<useDomainConstraints>false</useDomainConstraints>
<use>1</use>
<logicalDatatype>LOGDT024</logicalDatatype>
<dataTypeSize>40</dataTypeSize>
<ownDataTypeParameters>40,,</ownDataTypeParameters>
<autoIncrementCycle>false</autoIncrementCycle>
</Column>
<Column name="COMUNA_id_comuna" id="BAE9A44E-4A2C-9741-CE79-7C909FE18630">
<createdBy>carlamiranda</createdBy>
<createdTime>2026-02-09 23:18:41 UTC</createdTime>
<generatorID>9AB97DAA-8A6E-445F-1CB0-52B1DBC2A76C</generatorID>
<ownerDesignName>segundasumativaMBD</ownerDesignName>
<useDomainConstraints>false</useDomainConstraints>
<use>1</use>
<logicalDatatype>LOGDT019</logicalDatatype>
<dataTypePrecision>3</dataTypePrecision>
<ownDataTypeParameters>,,</ownDataTypeParameters>
<previousColumn>false</previousColumn>
<autoIncrementCycle>false</autoIncrementCycle>
<associations>
<colAssociation fkAssociation="6F3720BF-A0A2-0854-989B-A4A65DE0D80E" referredColumn="F2E06F85-2731-C185-5D60-73A6389975D5"/>
</associations>
</Column>
</columns>
<indexes itemClass="oracle.dbtools.crest.model.design.relational.Index">
<ind_PK_UK id="CF7E9FA4-6D23-5DE8-223E-E476BA826674" name="CLIENTE_PK">
<createdBy>carlamiranda</createdBy>
<createdTime>2026-02-09 23:11:03 UTC</createdTime>
<generatorID>4A6F22FC-A5FC-FBDA-5BD8-F3228FD6B769</generatorID>
<ownerDesignName>segundasumativaMBD</ownerDesignName>
<pk>true</pk>
<indexState>Primary Constraint</indexState>
<isSurrogateKey>false</isSurrogateKey>
<indexColumnUsage>
<colUsage columnID="E2BCAC1D-5091-719D-3F67-AE2555190EA4"/>
</indexColumnUsage>
</ind_PK_UK>
<ind_PK_UK id="4E7B52BE-AC6F-D942-57FB-F86EC428B6B3" name="CLIENTE_COMUNA_FK">
<createdBy>carlamiranda</createdBy>
<createdTime>2026-02-09 23:18:41 UTC</createdTime>
<generatorID>4B911180-E078-BB42-D200-62067EB716DB</generatorID>
<ownerDesignName>segundasumativaMBD</ownerDesignName>
<indexState>Foreign Key</indexState>
<isSurrogateKey>false</isSurrogateKey>
<indexColumnUsage>
<colUsage columnID="BAE9A44E-4A2C-9741-CE79-7C909FE18630"/>
</indexColumnUsage>
</ind_PK_UK>
</indexes>
</Table>