<?xml version = '1.0' encoding = 'UTF-8'?>
<Table class="oracle.dbtools.crest.model.design.relational.Table" directorySegmentName="seg_0" id="327D6E05-E4A0-3343-6B01-F61A842B7179" name="REGION">
<createdBy>carlamiranda</createdBy>
<createdTime>2026-02-09 23:11:03 UTC</createdTime>
<generatorID>C4A9C404-6E5E-0776-6A6B-F1A628371953</generatorID>
<ownerDesignName>segundasumativaMBD</ownerDesignName>
<allowColumnReorder>false</allowColumnReorder>
<existDependencyGenerateInDDl>true</existDependencyGenerateInDDl>
<parsed>true</parsed>
<columns itemClass="oracle.dbtools.crest.model.design.relational.Column">
<Column name="REGION_ID" id="83A26F06-718D-CF6A-D747-6D9EB0CB5130">
<createdBy>carlamiranda</createdBy>
<createdTime>2026-02-09 23:11:03 UTC</createdTime>
<ownerDesignName>segundasumativaMBD</ownerDesignName>
<useDomainConstraints>false</useDomainConstraints>
<use>1</use>
<logicalDatatype>LOGDT019</logicalDatatype>
<ownDataTypeParameters>,,</ownDataTypeParameters>
<autoIncrementColumn>true</autoIncrementColumn>
<identityColumn>true</identityColumn>
<autoIncrementCycle>false</autoIncrementCycle>
<isSurrogateColumn>true</isSurrogateColumn>
</Column>
<Column name="id_region" id="461BB155-E3D8-9379-12F7-25B42871214E">
<createdBy>carlamiranda</createdBy>
<createdTime>2026-02-09 23:11:03 UTC</createdTime>
<generatorID>26C1D25F-6A7B-CF65-44CC-EDF85FA90356</generatorID>
<ownerDesignName>segundasumativaMBD</ownerDesignName>
<useDomainConstraints>false</useDomainConstraints>
<use>1</use>
<logicalDatatype>LOGDT019</logicalDatatype>
<dataTypePrecision>3</dataTypePrecision>
<ownDataTypeParameters>,3,</ownDataTypeParameters>
<autoIncrementCycle>false</autoIncrementCycle>
</Column>
<Column name="nombre" id="E8F0B1C1-7EA6-2477-28FE-A53A330B0F2A">
<createdBy>carlamiranda</createdBy>
<createdTime>2026-02-09 23:11:03 UTC</createdTime>
<generatorID>913DE659-56F2-6ADD-6D46-22B87CC67110</generatorID>
<ownerDesignName>segundasumativaMBD</ownerDesignName>
<useDomainConstraints>false</useDomainConstraints>
<use>1</use>
<logicalDatatype>LOGDT024</logicalDatatype>
<dataTypeSize>40</dataTypeSize>
<ownDataTypeParameters>40,,</ownDataTypeParameters>
<autoIncrementCycle>false</autoIncrementCycle>
</Column>
</columns>
<indexes itemClass="oracle.dbtools.crest.model.design.relational.Index">
<ind_PK_UK id="0AA24572-8F3E-498D-4CAC-A453744CD573" name="REGION_PK">
<createdBy>carlamiranda</createdBy>
<createdTime>2026-02-09 23:11:03 UTC</createdTime>
<ownerDesignName>segundasumativaMBD</ownerDesignName>
<pk>true</pk>
<indexState>Primary Constraint</indexState>
<indexColumnUsage>
<colUsage columnID="83A26F06-718D-CF6A-D747-6D9EB0CB5130"/>
</indexColumnUsage>
</ind_PK_UK>
<ind_PK_UK id="AFC71437-C931-74C3-A75B-8A81C68E0329" name="REGION_id_region_UN">
<createdBy>carlamiranda</createdBy>
<createdTime>2026-02-09 23:11:03 UTC</createdTime>
<generatorID>5F156DCE-232C-9A41-982E-DB01EC7EF44F</generatorID>
<ownerDesignName>segundasumativaMBD</ownerDesignName>
<indexState>Unique Constraint</indexState>
<isSurrogateKey>false</isSurrogateKey>
<indexColumnUsage>
<colUsage columnID="461BB155-E3D8-9379-12F7-25B42871214E"/>
</indexColumnUsage>
</ind_PK_UK>
</indexes>
</Table>