<?xml version = '1.0' encoding = 'UTF-8'?>
<Table class="oracle.dbtools.crest.model.design.relational.Table" directorySegmentName="seg_0" id="503D6F45-A404-6B3E-AA5B-C70A4808D7FE" name="DETALLE_VENTA">
<createdBy>carlamiranda</createdBy>
<createdTime>2026-02-09 23:11:03 UTC</createdTime>
<generatorID>9CBBEF47-B465-BE5F-08B6-14F1989BF4BF</generatorID>
<ownerDesignName>segundasumativaMBD</ownerDesignName>
<allowColumnReorder>false</allowColumnReorder>
<existDependencyGenerateInDDl>true</existDependencyGenerateInDDl>
<parsed>true</parsed>
<columns itemClass="oracle.dbtools.crest.model.design.relational.Column">
<Column name="DETALLE_VENTA_ID" id="777DC0A0-8457-871D-EAE8-8991EBD11998">
<createdBy>carlamiranda</createdBy>
<createdTime>2026-02-09 23:25:32 UTC</createdTime>
<ownerDesignName>segundasumativaMBD</ownerDesignName>
<useDomainConstraints>false</useDomainConstraints>
<use>1</use>
<logicalDatatype>LOGDT019</logicalDatatype>
<ownDataTypeParameters>,,</ownDataTypeParameters>
<autoIncrementColumn>true</autoIncrementColumn>
<identityColumn>true</identityColumn>
<autoIncrementCycle>false</autoIncrementCycle>
<isSurrogateColumn>true</isSurrogateColumn>
</Column>
<Column name="cantidad" id="A196452F-AAF7-72ED-A247-50BD92B8B538">
<createdBy>carlamiranda</createdBy>
<createdTime>2026-02-09 23:11:03 UTC</createdTime>
<generatorID>FAFC486E-572B-5A9E-D3A0-3C37195D7D32</generatorID>
<ownerDesignName>segundasumativaMBD</ownerDesignName>
<nullsAllowed>true</nullsAllowed>
<useDomainConstraints>false</useDomainConstraints>
<use>1</use>
<logicalDatatype>LOGDT019</logicalDatatype>
<dataTypePrecision>10</dataTypePrecision>
<ownDataTypeParameters>,10,</ownDataTypeParameters>
<autoIncrementCycle>false</autoIncrementCycle>
</Column>
<Column name="precio_unitario" id="D892A942-82C2-B6F5-34A9-2FE4E4068B62">
<createdBy>carlamiranda</createdBy>
<createdTime>2026-02-09 23:11:03 UTC</createdTime>
<generatorID>39ABBEA5-E1DA-4F74-6B2E-F29F380C21A4</generatorID>
<ownerDesignName>segundasumativaMBD</ownerDesignName>
<useDomainConstraints>false</useDomainConstraints>
<use>1</use>
<logicalDatatype>LOGDT019</logicalDatatype>
<dataTypePrecision>10</dataTypePrecision>
<ownDataTypeParameters>,10,</ownDataTypeParameters>
<autoIncrementCycle>false</autoIncrementCycle>
</Column>
<Column name="VENTA_id_venta" id="301CBB18-4D93-8733-D47B-450C24357733">
<createdBy>carlamiranda</createdBy>
<createdTime>2026-02-09 23:25:32 UTC</createdTime>
<generatorID>736453A1-1B5B-551D-4F97-09FF1651228C</generatorID>
<ownerDesignName>segundasumativaMBD</ownerDesignName>
<useDomainConstraints>false</useDomainConstraints>
<use>1</use>
<logicalDatatype>LOGDT019</logicalDatatype>
<dataTypePrecision>5</dataTypePrecision>
<ownDataTypeParameters>,,</ownDataTypeParameters>
<previousColumn>false</previousColumn>
<autoIncrementCycle>false</autoIncrementCycle>
<associations>
<colAssociation fkAssociation="179100D3-C403-21DE-C0ED-09C3783D4D2B" referredColumn="8BC6FC27-1A53-018D-83D2-55174A1E9819"/>
</associations>
</Column>
<Column name="PRODUCTO_id_producto" id="A23BBA58-3B59-33CB-3E3B-5A6CA6230831">
<createdBy>carlamiranda</createdBy>
<createdTime>2026-02-09 23:32:03 UTC</createdTime>
<ownerDesignName>segundasumativaMBD</ownerDesignName>
<useDomainConstraints>false</useDomainConstraints>
<use>1</use>
<logicalDatatype>LOGDT019</logicalDatatype>
<dataTypePrecision>8</dataTypePrecision>
<ownDataTypeParameters>,,</ownDataTypeParameters>
<previousColumn>false</previousColumn>
<autoIncrementCycle>false</autoIncrementCycle>
<associations>
<colAssociation fkAssociation="97ED77C4-DC31-03D3-00CD-C99E66038031" referredColumn="E33FCC59-08E7-5685-0BBC-A38E16F18AD0"/>
</associations>
</Column>
</columns>
<indexes itemClass="oracle.dbtools.crest.model.design.relational.Index">
<ind_PK_UK id="026DFE3D-F9B3-83AF-6531-EA5A29BA8AF3" name="DETALLE_VENTA_PK">
<createdBy>carlamiranda</createdBy>
<createdTime>2026-02-09 23:25:32 UTC</createdTime>
<ownerDesignName>segundasumativaMBD</ownerDesignName>
<pk>true</pk>
<indexState>Primary Constraint</indexState>
<indexColumnUsage>
<colUsage columnID="777DC0A0-8457-871D-EAE8-8991EBD11998"/>
</indexColumnUsage>
</ind_PK_UK>
<ind_PK_UK id="C9426041-615D-303D-A816-C13F324C014D" name="DETALLE_VENTA_VENTA_FK">
<createdBy>carlamiranda</createdBy>
<createdTime>2026-02-09 23:25:32 UTC</createdTime>
<generatorID>E7D1D914-02F2-A46E-6615-2759473CF1C1</generatorID>
<ownerDesignName>segundasumativaMBD</ownerDesignName>
<indexState>Foreign Key</indexState>
<isSurrogateKey>false</isSurrogateKey>
<indexColumnUsage>
<colUsage columnID="301CBB18-4D93-8733-D47B-450C24357733"/>
</indexColumnUsage>
</ind_PK_UK>
<ind_PK_UK id="40CED5BE-99FE-8424-56CC-788D7A9110FC" name="DETALLE_VENTA_PRODUCTO_FK">
<createdBy>carlamiranda</createdBy>
<createdTime>2026-02-09 23:32:03 UTC</createdTime>
<generatorID>CBBD1A06-F568-28F1-257E-51CB78F0FA20</generatorID>
<ownerDesignName>segundasumativaMBD</ownerDesignName>
<indexState>Foreign Key</indexState>
<isSurrogateKey>false</isSurrogateKey>
<indexColumnUsage>
<colUsage columnID="A23BBA58-3B59-33CB-3E3B-5A6CA6230831"/>
</indexColumnUsage>
</ind_PK_UK>
</indexes>
</Table>