<?xml version = '1.0' encoding = 'UTF-8'?>
<Table class="oracle.dbtools.crest.model.design.relational.Table" directorySegmentName="seg_0" id="624FCC12-FF25-9883-7D55-5989B670B13B" name="CATEGORIA">
<createdBy>carlamiranda</createdBy>
<createdTime>2026-02-09 23:11:03 UTC</createdTime>
<generatorID>BA2235BA-6F46-EB42-E7A2-FDE3B1F1FB51</generatorID>
<ownerDesignName>segundasumativaMBD</ownerDesignName>
<allowColumnReorder>false</allowColumnReorder>
<existDependencyGenerateInDDl>true</existDependencyGenerateInDDl>
<parsed>true</parsed>
<columns itemClass="oracle.dbtools.crest.model.design.relational.Column">
<Column name="id_categoria" id="2740EC6B-8840-5C5D-3102-987D474905FC">
<createdBy>carlamiranda</createdBy>
<createdTime>2026-02-09 23:11:03 UTC</createdTime>
<generatorID>517E1F66-E165-FD42-834C-CA011D9906C8</generatorID>
<ownerDesignName>segundasumativaMBD</ownerDesignName>
<useDomainConstraints>false</useDomainConstraints>
<use>1</use>
<logicalDatatype>LOGDT019</logicalDatatype>
<dataTypePrecision>4</dataTypePrecision>
<ownDataTypeParameters>,4,</ownDataTypeParameters>
<autoIncrementCycle>false</autoIncrementCycle>
</Column>
<Column name="nombre" id="F27B67E5-0AD6-E59D-52BC-8DE41BC67346">
<createdBy>carlamiranda</createdBy>
<createdTime>2026-02-09 23:11:03 UTC</createdTime>
<generatorID>2EDFBAC8-5EFA-5E9C-7D83-7B4D3B9889DA</generatorID>
<ownerDesignName>segundasumativaMBD</ownerDesignName>
<useDomainConstraints>false</useDomainConstraints>
<use>1</use>
<logicalDatatype>LOGDT024</logicalDatatype>
<dataTypeSize>40</dataTypeSize>
<ownDataTypeParameters>40,,</ownDataTypeParameters>
<autoIncrementCycle>false</autoIncrementCycle>
</Column>
</columns>
<indexes itemClass="oracle.dbtools.crest.model.design.relational.Index">
<ind_PK_UK id="86EE7770-FC7F-669E-10D6-E512F74BF9EC" name="CATEGORIA_PK">
<createdBy>carlamiranda</createdBy>
<createdTime>2026-02-09 23:11:03 UTC</createdTime>
<generatorID>F5D91C2A-A211-29E4-F38D-D7F3357B7648</generatorID>
<ownerDesignName>segundasumativaMBD</ownerDesignName>
<pk>true</pk>
<indexState>Primary Constraint</indexState>
<isSurrogateKey>false</isSurrogateKey>
<indexColumnUsage>
<colUsage columnID="2740EC6B-8840-5C5D-3102-987D474905FC"/>
</indexColumnUsage>
</ind_PK_UK>
</indexes>
</Table>