<?xml version = '1.0' encoding = 'UTF-8'?>
<Table class="oracle.dbtools.crest.model.design.relational.Table" directorySegmentName="seg_0" id="BB22EE30-0044-B85D-DD8D-A581BB7BFB02" name="PRODUCTO">
<createdBy>carlamiranda</createdBy>
<createdTime>2026-02-09 23:11:03 UTC</createdTime>
<generatorID>AAD0CB17-DA83-E195-40F0-BCE93564E542</generatorID>
<ownerDesignName>segundasumativaMBD</ownerDesignName>
<allowColumnReorder>false</allowColumnReorder>
<existDependencyGenerateInDDl>true</existDependencyGenerateInDDl>
<parsed>true</parsed>
<columns itemClass="oracle.dbtools.crest.model.design.relational.Column">
<Column name="id_producto" id="E33FCC59-08E7-5685-0BBC-A38E16F18AD0">
<createdBy>carlamiranda</createdBy>
<createdTime>2026-02-09 23:11:03 UTC</createdTime>
<generatorID>1A7E4408-208D-E380-D77F-5DAFD6A62CCF</generatorID>
<ownerDesignName>segundasumativaMBD</ownerDesignName>
<useDomainConstraints>false</useDomainConstraints>
<use>1</use>
<logicalDatatype>LOGDT019</logicalDatatype>
<dataTypePrecision>8</dataTypePrecision>
<ownDataTypeParameters>,8,</ownDataTypeParameters>
<autoIncrementCycle>false</autoIncrementCycle>
</Column>
<Column name="nombre" id="BC5B8BA6-A86D-AB00-8DC1-07D14C268C25">
<createdBy>carlamiranda</createdBy>
<createdTime>2026-02-09 23:11:03 UTC</createdTime>
<generatorID>9B077C9C-9AC2-F936-5D33-4876DFDEC1B0</generatorID>
<ownerDesignName>segundasumativaMBD</ownerDesignName>
<useDomainConstraints>false</useDomainConstraints>
<use>1</use>
<logicalDatatype>LOGDT024</logicalDatatype>
<dataTypeSize>40</dataTypeSize>
<ownDataTypeParameters>40,,</ownDataTypeParameters>
<autoIncrementCycle>false</autoIncrementCycle>
</Column>
<Column name="descripcion" id="5C24E2DD-4442-AE3F-7E42-E8B60C97498F">
<createdBy>carlamiranda</createdBy>
<createdTime>2026-02-09 23:11:03 UTC</createdTime>
<generatorID>EBBF48E3-957E-FB66-5B85-D4871C8AE36C</generatorID>
<ownerDesignName>segundasumativaMBD</ownerDesignName>
<nullsAllowed>true</nullsAllowed>
<useDomainConstraints>false</useDomainConstraints>
<use>1</use>
<logicalDatatype>LOGDT024</logicalDatatype>
<dataTypeSize>50</dataTypeSize>
<ownDataTypeParameters>50,,</ownDataTypeParameters>
<autoIncrementCycle>false</autoIncrementCycle>
</Column>
<Column name="fecha_vencimiento" id="5B7B767C-FD06-8BB0-CD12-965DBA016555">
<createdBy>carlamiranda</createdBy>
<createdTime>2026-02-09 23:11:03 UTC</createdTime>
<generatorID>6328D74F-7F97-10D5-7B78-CD8E0758B563</generatorID>
<ownerDesignName>segundasumativaMBD</ownerDesignName>
<useDomainConstraints>false</useDomainConstraints>
<use>1</use>
<logicalDatatype>LOGDT007</logicalDatatype>
<ownDataTypeParameters>,,</ownDataTypeParameters>
<autoIncrementCycle>false</autoIncrementCycle>
</Column>
<Column name="precio" id="2EBCD2A3-538F-53DC-DD8C-578AB02C7ED4">
<createdBy>carlamiranda</createdBy>
<createdTime>2026-02-09 23:11:03 UTC</createdTime>
<generatorID>283D4263-0128-A5D7-7370-EE9DE4763A8D</generatorID>
<ownerDesignName>segundasumativaMBD</ownerDesignName>
<useDomainConstraints>false</useDomainConstraints>
<use>1</use>
<logicalDatatype>LOGDT019</logicalDatatype>
<dataTypePrecision>10</dataTypePrecision>
<ownDataTypeParameters>,10,</ownDataTypeParameters>
<autoIncrementCycle>false</autoIncrementCycle>
</Column>
<Column name="stock" id="6BEB31FC-1052-9F41-02A7-A9F73E0334C2">
<createdBy>carlamiranda</createdBy>
<createdTime>2026-02-09 23:11:03 UTC</createdTime>
<generatorID>E661A981-0DDB-2757-D68C-07BE1FA9A2F6</generatorID>
<ownerDesignName>segundasumativaMBD</ownerDesignName>
<useDomainConstraints>false</useDomainConstraints>
<use>1</use>
<logicalDatatype>LOGDT019</logicalDatatype>
<dataTypePrecision>5</dataTypePrecision>
<ownDataTypeParameters>,5,</ownDataTypeParameters>
<autoIncrementCycle>false</autoIncrementCycle>
</Column>
<Column name="MARCA_id_marca" id="ED0957CB-415D-21FA-450A-EB6C7AFEA7B2">
<createdBy>carlamiranda</createdBy>
<createdTime>2026-02-09 23:25:32 UTC</createdTime>
<generatorID>D21268DC-47E1-530B-7EF0-5B661E1DD18A</generatorID>
<ownerDesignName>segundasumativaMBD</ownerDesignName>
<useDomainConstraints>false</useDomainConstraints>
<use>1</use>
<logicalDatatype>LOGDT019</logicalDatatype>
<dataTypePrecision>4</dataTypePrecision>
<ownDataTypeParameters>,,</ownDataTypeParameters>
<previousColumn>false</previousColumn>
<autoIncrementCycle>false</autoIncrementCycle>
<associations>
<colAssociation fkAssociation="AAC4EE38-9E37-282C-C1CC-4C6B31D28DD6" referredColumn="EE3E6F20-D2F5-2B93-C085-26385DE6F637"/>
</associations>
</Column>
<Column name="CATEGORIA_id_categoria" id="06E90C97-241A-281B-D851-B1EFF524E6B2">
<createdBy>carlamiranda</createdBy>
<createdTime>2026-02-09 23:25:32 UTC</createdTime>
<generatorID>0CEAF3E7-1F17-851E-C7F9-6CDC2DE8C5BC</generatorID>
<ownerDesignName>segundasumativaMBD</ownerDesignName>
<useDomainConstraints>false</useDomainConstraints>
<use>1</use>
<logicalDatatype>LOGDT019</logicalDatatype>
<dataTypePrecision>4</dataTypePrecision>
<ownDataTypeParameters>,,</ownDataTypeParameters>
<previousColumn>false</previousColumn>
<autoIncrementCycle>false</autoIncrementCycle>
<associations>
<colAssociation fkAssociation="5D7D26F0-6AE3-6955-9BF3-63EFAE1088BA" referredColumn="2740EC6B-8840-5C5D-3102-987D474905FC"/>
</associations>
</Column>
<Column name="SUCURSAL_id_sucursal" id="264F6831-9714-149B-AA22-EE6B6105C30C">
<createdBy>carlamiranda</createdBy>
<createdTime>2026-02-09 23:46:47 UTC</createdTime>
<ownerDesignName>segundasumativaMBD</ownerDesignName>
<useDomainConstraints>false</useDomainConstraints>
<use>1</use>
<logicalDatatype>LOGDT019</logicalDatatype>
<dataTypePrecision>3</dataTypePrecision>
<ownDataTypeParameters>,,</ownDataTypeParameters>
<previousColumn>false</previousColumn>
<autoIncrementCycle>false</autoIncrementCycle>
<associations>
<colAssociation fkAssociation="15CED419-289A-5AB7-348B-8BFAD975BA07" referredColumn="4661FF08-4A6A-7EB5-0BF2-25D35B11C58C"/>
</associations>
</Column>
</columns>
<indexes itemClass="oracle.dbtools.crest.model.design.relational.Index">
<ind_PK_UK id="7D4C0320-6B5B-0E59-4B80-5D6FA03F41C1" name="PRODUCTO_PK">
<createdBy>carlamiranda</createdBy>
<createdTime>2026-02-09 23:11:03 UTC</createdTime>
<generatorID>CBBD1A06-F568-28F1-257E-51CB78F0FA20</generatorID>
<ownerDesignName>segundasumativaMBD</ownerDesignName>
<pk>true</pk>
<indexState>Primary Constraint</indexState>
<isSurrogateKey>false</isSurrogateKey>
<indexColumnUsage>
<colUsage columnID="E33FCC59-08E7-5685-0BBC-A38E16F18AD0"/>
</indexColumnUsage>
</ind_PK_UK>
<ind_PK_UK id="12563AF7-4CE2-AEF9-EF2A-9A7B91DFD2B3" name="PRODUCTO_MARCA_FK">
<createdBy>carlamiranda</createdBy>
<createdTime>2026-02-09 23:25:33 UTC</createdTime>
<generatorID>6605B526-7170-D26B-830A-8F19B848DC0A</generatorID>
<ownerDesignName>segundasumativaMBD</ownerDesignName>
<indexState>Foreign Key</indexState>
<isSurrogateKey>false</isSurrogateKey>
<indexColumnUsage>
<colUsage columnID="ED0957CB-415D-21FA-450A-EB6C7AFEA7B2"/>
</indexColumnUsage>
</ind_PK_UK>
<ind_PK_UK id="ACB7739E-0C1A-82AD-7D6C-F17CE41B9A97" name="PRODUCTO_CATEGORIA_FK">
<createdBy>carlamiranda</createdBy>
<createdTime>2026-02-09 23:25:33 UTC</createdTime>
<generatorID>81456B0A-C540-91DA-15E1-ACF0FC7E848E</generatorID>
<ownerDesignName>segundasumativaMBD</ownerDesignName>
<indexState>Foreign Key</indexState>
<isSurrogateKey>false</isSurrogateKey>
<indexColumnUsage>
<colUsage columnID="06E90C97-241A-281B-D851-B1EFF524E6B2"/>
</indexColumnUsage>
</ind_PK_UK>
<ind_PK_UK id="CD1AA0D2-0015-0BC5-0C83-F1CBCAC99310" name="PRODUCTO_SUCURSAL_FK">
<createdBy>carlamiranda</createdBy>
<createdTime>2026-02-09 23:46:47 UTC</createdTime>
<generatorID>8DDFECB9-063A-3089-56BF-3A36245B2941</generatorID>
<ownerDesignName>segundasumativaMBD</ownerDesignName>
<indexState>Foreign Key</indexState>
<isSurrogateKey>false</isSurrogateKey>
<indexColumnUsage>
<colUsage columnID="264F6831-9714-149B-AA22-EE6B6105C30C"/>
</indexColumnUsage>
</ind_PK_UK>
</indexes>
</Table>