<?xml version = '1.0' encoding = 'UTF-8'?>
<Table class="oracle.dbtools.crest.model.design.relational.Table" directorySegmentName="seg_0" id="C0ADB7AD-6AA8-D251-5706-9DA9309CFEF1" name="COMUNA">
<createdBy>carlamiranda</createdBy>
<createdTime>2026-02-09 23:11:03 UTC</createdTime>
<generatorID>2A4368D4-EDE1-04D2-C963-41853223D053</generatorID>
<ownerDesignName>segundasumativaMBD</ownerDesignName>
<allowColumnReorder>false</allowColumnReorder>
<existDependencyGenerateInDDl>true</existDependencyGenerateInDDl>
<parsed>true</parsed>
<columns itemClass="oracle.dbtools.crest.model.design.relational.Column">
<Column name="id_comuna" id="F2E06F85-2731-C185-5D60-73A6389975D5">
<createdBy>carlamiranda</createdBy>
<createdTime>2026-02-09 23:11:03 UTC</createdTime>
<generatorID>DCD9EBE1-5E53-F0AC-B538-188C1E841F54</generatorID>
<ownerDesignName>segundasumativaMBD</ownerDesignName>
<useDomainConstraints>false</useDomainConstraints>
<use>1</use>
<logicalDatatype>LOGDT019</logicalDatatype>
<dataTypePrecision>3</dataTypePrecision>
<ownDataTypeParameters>,3,</ownDataTypeParameters>
<autoIncrementCycle>false</autoIncrementCycle>
</Column>
<Column name="nombre" id="24E0CA4D-50DA-5201-67B4-153D76A7054F">
<createdBy>carlamiranda</createdBy>
<createdTime>2026-02-09 23:11:03 UTC</createdTime>
<generatorID>6FBB688F-63A3-BB7A-0B79-BA2A8CD2110C</generatorID>
<ownerDesignName>segundasumativaMBD</ownerDesignName>
<useDomainConstraints>false</useDomainConstraints>
<use>1</use>
<logicalDatatype>LOGDT024</logicalDatatype>
<dataTypeSize>30</dataTypeSize>
<ownDataTypeParameters>30,,</ownDataTypeParameters>
<autoIncrementCycle>false</autoIncrementCycle>
</Column>
<Column name="REGION_REGION_ID" id="EA69A2DB-F001-22F0-F85F-0DBBF6389BAE">
<createdBy>carlamiranda</createdBy>
<createdTime>2026-02-09 23:11:03 UTC</createdTime>
<ownerDesignName>segundasumativaMBD</ownerDesignName>
<useDomainConstraints>false</useDomainConstraints>
<use>1</use>
<logicalDatatype>LOGDT019</logicalDatatype>
<ownDataTypeParameters>,,</ownDataTypeParameters>
<previousColumn>false</previousColumn>
<autoIncrementCycle>false</autoIncrementCycle>
<associations>
<colAssociation fkAssociation="A683E3B4-3A1F-9658-3D7B-8FA6DB8AF96A" referredColumn="83A26F06-718D-CF6A-D747-6D9EB0CB5130"/>
</associations>
</Column>
</columns>
<indexes itemClass="oracle.dbtools.crest.model.design.relational.Index">
<ind_PK_UK id="02A3044D-F5FC-0640-CB16-B14D4BD09A92" name="COMUNA_PK">
<createdBy>carlamiranda</createdBy>
<createdTime>2026-02-09 23:11:03 UTC</createdTime>
<generatorID>5D34DFAC-2169-5F6A-54AB-A7FF32DD7480</generatorID>
<ownerDesignName>segundasumativaMBD</ownerDesignName>
<pk>true</pk>
<indexState>Primary Constraint</indexState>
<isSurrogateKey>false</isSurrogateKey>
<indexColumnUsage>
<colUsage columnID="F2E06F85-2731-C185-5D60-73A6389975D5"/>
</indexColumnUsage>
</ind_PK_UK>
<ind_PK_UK id="D9CB312B-DC58-9459-E9E0-3894BC969784" name="COMUNA_REGION_FK">
<createdBy>carlamiranda</createdBy>
<createdTime>2026-02-09 23:11:03 UTC</createdTime>
<generatorID>2962CA21-C5ED-1B88-70C1-37843D359DD8</generatorID>
<ownerDesignName>segundasumativaMBD</ownerDesignName>
<indexState>Foreign Key</indexState>
<isSurrogateKey>false</isSurrogateKey>
<indexColumnUsage>
<colUsage columnID="EA69A2DB-F001-22F0-F85F-0DBBF6389BAE"/>
</indexColumnUsage>
</ind_PK_UK>
</indexes>
</Table>