<?xml version = '1.0' encoding = 'UTF-8'?>
<Table class="oracle.dbtools.crest.model.design.relational.Table" directorySegmentName="seg_0" id="D1DA5627-F2E2-9489-3F23-691D54E1EF10" name="VENTA">
<createdBy>carlamiranda</createdBy>
<createdTime>2026-02-09 23:11:03 UTC</createdTime>
<generatorID>AEF6583B-879E-7CB6-F216-5D0BD95918CF</generatorID>
<ownerDesignName>segundasumativaMBD</ownerDesignName>
<allowColumnReorder>false</allowColumnReorder>
<existDependencyGenerateInDDl>true</existDependencyGenerateInDDl>
<parsed>true</parsed>
<columns itemClass="oracle.dbtools.crest.model.design.relational.Column">
<Column name="id_venta" id="8BC6FC27-1A53-018D-83D2-55174A1E9819">
<createdBy>carlamiranda</createdBy>
<createdTime>2026-02-09 23:11:03 UTC</createdTime>
<generatorID>97ACAEF2-0E42-5254-3D7C-441FD934AACB</generatorID>
<ownerDesignName>segundasumativaMBD</ownerDesignName>
<useDomainConstraints>false</useDomainConstraints>
<use>1</use>
<logicalDatatype>LOGDT019</logicalDatatype>
<dataTypePrecision>5</dataTypePrecision>
<ownDataTypeParameters>,5,</ownDataTypeParameters>
<autoIncrementCycle>false</autoIncrementCycle>
</Column>
<Column name="fecha" id="7B9283F0-0187-DBB7-ED4B-7481E4AD8C9F">
<createdBy>carlamiranda</createdBy>
<createdTime>2026-02-09 23:11:03 UTC</createdTime>
<generatorID>20D4AFF8-B810-6559-491A-928217E6FA34</generatorID>
<ownerDesignName>segundasumativaMBD</ownerDesignName>
<useDomainConstraints>false</useDomainConstraints>
<use>1</use>
<logicalDatatype>LOGDT007</logicalDatatype>
<ownDataTypeParameters>,,</ownDataTypeParameters>
<autoIncrementCycle>false</autoIncrementCycle>
</Column>
<Column name="CLIENTE_id_cliente" id="EB923F4D-69C4-1824-02A7-5BF48EE295E9">
<createdBy>carlamiranda</createdBy>
<createdTime>2026-02-09 23:25:32 UTC</createdTime>
<generatorID>2027BF68-2B1D-EB2C-156F-89E73B2E0043</generatorID>
<ownerDesignName>segundasumativaMBD</ownerDesignName>
<useDomainConstraints>false</useDomainConstraints>
<use>1</use>
<logicalDatatype>LOGDT019</logicalDatatype>
<dataTypePrecision>6</dataTypePrecision>
<ownDataTypeParameters>,,</ownDataTypeParameters>
<previousColumn>false</previousColumn>
<autoIncrementCycle>false</autoIncrementCycle>
<associations>
<colAssociation fkAssociation="FCAFA26E-A233-CAD3-200D-6FDD9CA36AB3" referredColumn="E2BCAC1D-5091-719D-3F67-AE2555190EA4"/>
</associations>
</Column>
<Column name="SUCURSAL_id_sucursal" id="1F19EC3A-CDFF-E416-DB73-26C2C2ABFD3E">
<createdBy>carlamiranda</createdBy>
<createdTime>2026-02-09 23:25:32 UTC</createdTime>
<generatorID>17564E8D-5797-6DAB-AB08-8D422B4AD9CF</generatorID>
<ownerDesignName>segundasumativaMBD</ownerDesignName>
<useDomainConstraints>false</useDomainConstraints>
<use>1</use>
<logicalDatatype>LOGDT019</logicalDatatype>
<dataTypePrecision>3</dataTypePrecision>
<ownDataTypeParameters>,,</ownDataTypeParameters>
<previousColumn>false</previousColumn>
<autoIncrementCycle>false</autoIncrementCycle>
<associations>
<colAssociation fkAssociation="F4EC4D7A-4010-C6D4-5702-242AF34D16A1" referredColumn="4661FF08-4A6A-7EB5-0BF2-25D35B11C58C"/>
</associations>
</Column>
</columns>
<indexes itemClass="oracle.dbtools.crest.model.design.relational.Index">
<ind_PK_UK id="2AF23D50-428A-5796-B4A8-F603BA4D0191" name="VENTA_PK">
<createdBy>carlamiranda</createdBy>
<createdTime>2026-02-09 23:11:03 UTC</createdTime>
<generatorID>8F4ADBE1-8096-81B5-30A1-83A056BD845F</generatorID>
<ownerDesignName>segundasumativaMBD</ownerDesignName>
<pk>true</pk>
<indexState>Primary Constraint</indexState>
<isSurrogateKey>false</isSurrogateKey>
<indexColumnUsage>
<colUsage columnID="8BC6FC27-1A53-018D-83D2-55174A1E9819"/>
</indexColumnUsage>
</ind_PK_UK>
<ind_PK_UK id="61EBA6C7-5C74-BFEC-5EFF-EDC6A38B5A6B" name="VENTA_CLIENTE_FK">
<createdBy>carlamiranda</createdBy>
<createdTime>2026-02-09 23:25:33 UTC</createdTime>
<generatorID>E83BBCCE-7A6A-C559-FF0D-B57DEEEAFF2F</generatorID>
<ownerDesignName>segundasumativaMBD</ownerDesignName>
<indexState>Foreign Key</indexState>
<isSurrogateKey>false</isSurrogateKey>
<indexColumnUsage>
<colUsage columnID="EB923F4D-69C4-1824-02A7-5BF48EE295E9"/>
</indexColumnUsage>
</ind_PK_UK>
<ind_PK_UK id="8EE2B817-7708-CAB5-3716-806EADAE21F0" name="VENTA_SUCURSAL_FK">
<createdBy>carlamiranda</createdBy>
<createdTime>2026-02-09 23:25:33 UTC</createdTime>
<generatorID>922FBA0C-C31E-BDFC-1F59-5143F7F23F23</generatorID>
<ownerDesignName>segundasumativaMBD</ownerDesignName>
<indexState>Foreign Key</indexState>
<isSurrogateKey>false</isSurrogateKey>
<indexColumnUsage>
<colUsage columnID="1F19EC3A-CDFF-E416-DB73-26C2C2ABFD3E"/>
</indexColumnUsage>
</ind_PK_UK>
</indexes>
</Table>