<?xml version = '1.0' encoding = 'UTF-8'?>
<Table class="oracle.dbtools.crest.model.design.relational.Table" directorySegmentName="seg_0" id="FBB54C36-A7F3-2CB4-ACF2-5D8C14621A32" name="TELEFONO_CLIENTE">
<createdBy>carlamiranda</createdBy>
<createdTime>2026-02-09 23:11:03 UTC</createdTime>
<generatorID>64AACB69-DC28-6320-7542-3F2F21180B89</generatorID>
<ownerDesignName>segundasumativaMBD</ownerDesignName>
<allowColumnReorder>false</allowColumnReorder>
<existDependencyGenerateInDDl>true</existDependencyGenerateInDDl>
<parsed>true</parsed>
<columns itemClass="oracle.dbtools.crest.model.design.relational.Column">
<Column name="id_telefono" id="0B741F5D-EE2C-210F-A280-81392AACF16A">
<createdBy>carlamiranda</createdBy>
<createdTime>2026-02-09 23:11:03 UTC</createdTime>
<generatorID>1EB7C820-D8D7-45D3-9950-3754E5837AD5</generatorID>
<ownerDesignName>segundasumativaMBD</ownerDesignName>
<useDomainConstraints>false</useDomainConstraints>
<use>1</use>
<logicalDatatype>LOGDT019</logicalDatatype>
<dataTypePrecision>4</dataTypePrecision>
<ownDataTypeParameters>,4,</ownDataTypeParameters>
<autoIncrementCycle>false</autoIncrementCycle>
</Column>
<Column name="numero" id="3DA2D1CF-1963-BDA4-23C3-C48D184ADF7A">
<createdBy>carlamiranda</createdBy>
<createdTime>2026-02-09 23:11:03 UTC</createdTime>
<generatorID>DBA77F32-217F-4297-16D8-386275743377</generatorID>
<ownerDesignName>segundasumativaMBD</ownerDesignName>
<useDomainConstraints>false</useDomainConstraints>
<use>1</use>
<logicalDatatype>LOGDT019</logicalDatatype>
<dataTypePrecision>20</dataTypePrecision>
<ownDataTypeParameters>,20,</ownDataTypeParameters>
<autoIncrementCycle>false</autoIncrementCycle>
</Column>
<Column name="CLIENTE_id_cliente" id="BE2E6D56-61D6-F481-5E63-0612E7A18239">
<createdBy>carlamiranda</createdBy>
<createdTime>2026-02-09 23:20:11 UTC</createdTime>
<generatorID>9F3C556B-52D3-8388-9A99-80E3426AFBC2</generatorID>
<ownerDesignName>segundasumativaMBD</ownerDesignName>
<useDomainConstraints>false</useDomainConstraints>
<use>1</use>
<logicalDatatype>LOGDT019</logicalDatatype>
<dataTypePrecision>6</dataTypePrecision>
<ownDataTypeParameters>,,</ownDataTypeParameters>
<previousColumn>false</previousColumn>
<autoIncrementCycle>false</autoIncrementCycle>
<associations>
<colAssociation fkAssociation="AE48A3CD-76B7-3337-EEAA-36F4BFB0FEA2" referredColumn="E2BCAC1D-5091-719D-3F67-AE2555190EA4"/>
</associations>
</Column>
</columns>
<indexes itemClass="oracle.dbtools.crest.model.design.relational.Index">
<ind_PK_UK id="358074BC-E18A-FF7E-3A15-C9B0B9FBC3AE" name="TELEFONO_CLIENTE_PK">
<createdBy>carlamiranda</createdBy>
<createdTime>2026-02-09 23:11:03 UTC</createdTime>
<generatorID>BFD97BBD-1798-D594-4DC6-4DA4C10BF74D</generatorID>
<ownerDesignName>segundasumativaMBD</ownerDesignName>
<pk>true</pk>
<indexState>Primary Constraint</indexState>
<isSurrogateKey>false</isSurrogateKey>
<indexColumnUsage>
<colUsage columnID="0B741F5D-EE2C-210F-A280-81392AACF16A"/>
</indexColumnUsage>
</ind_PK_UK>
<ind_PK_UK id="A44E65C4-A625-0001-8BC9-3163E2E709A5" name="TELEFONO_CLIENTE_CLIENTE_FK">
<createdBy>carlamiranda</createdBy>
<createdTime>2026-02-09 23:20:11 UTC</createdTime>
<generatorID>8FA1A888-FCB3-8AC2-CEAF-E1418A4F4AC7</generatorID>
<ownerDesignName>segundasumativaMBD</ownerDesignName>
<indexState>Foreign Key</indexState>
<isSurrogateKey>false</isSurrogateKey>
<indexColumnUsage>
<colUsage columnID="BE2E6D56-61D6-F481-5E63-0612E7A18239"/>
</indexColumnUsage>
</ind_PK_UK>
</indexes>
</Table>