<?xml version = '1.0' encoding = 'UTF-8'?>
<relationalModel class="oracle.dbtools.crest.model.design.relational.RelationalDesign" name="Relational_1" id="CCD07468-0916-83AA-04EE-AC8740866C74" mainViewID="25FFEA88-BF90-CCAC-B259-4F5668314AE1">
<createdBy>carlamiranda</createdBy>
<createdTime>2026-02-09 21:33:33 UTC</createdTime>
<ownerDesignName>segundasumativaMBD</ownerDesignName>
<shouldBeOpen>false</shouldBeOpen>
<selectedRDBMSSite>32076570-2523-435C-2E92-BF29817DFF70</selectedRDBMSSite>
</relationalModel>