<?xml version = '1.0' encoding = 'UTF-8'?>
<Entity class="oracle.dbtools.crest.model.design.logical.Entity" directorySegmentName="seg_0" id="2A4368D4-EDE1-04D2-C963-41853223D053" name="COMUNA">
<createdBy>carlamiranda</createdBy>
<createdTime>2026-02-09 21:53:35 UTC</createdTime>
<ownerDesignName>segundasumativaMBD</ownerDesignName>
<engineerTo>
<item key="CCD07468-0916-83AA-04EE-AC8740866C74" value="true"/>
</engineerTo>
<adequatelyNormalized>NO</adequatelyNormalized>
<expectedVolumes>0</expectedVolumes>
<fwdEngineeringStrategyName>Single Table</fwdEngineeringStrategyName>
<growthPercent>0</growthPercent>
<growthType>Year</growthType>
<maxVolumes>9999999</maxVolumes>
<minVolumes>0</minVolumes>
<normalForm>Third</normalForm>
<attributes itemClass="oracle.dbtools.crest.model.design.logical.Attribute">
<Attribute name="id comuna" id="DCD9EBE1-5E53-F0AC-B538-188C1E841F54">
<createdBy>carlamiranda</createdBy>
<createdTime>2026-02-09 21:53:46 UTC</createdTime>
<ownerDesignName>segundasumativaMBD</ownerDesignName>
<engineerTo>
<item key="CCD07468-0916-83AA-04EE-AC8740866C74" value="true"/>
</engineerTo>
<useDomainConstraints>false</useDomainConstraints>
<use>1</use>
<logicalDatatype>LOGDT019</logicalDatatype>
<dataTypePrecision>3</dataTypePrecision>
<ownDataTypeParameters>,3,</ownDataTypeParameters>
</Attribute>
<Attribute name="nombre" id="6FBB688F-63A3-BB7A-0B79-BA2A8CD2110C">
<createdBy>carlamiranda</createdBy>
<createdTime>2026-02-09 21:54:18 UTC</createdTime>
<ownerDesignName>segundasumativaMBD</ownerDesignName>
<engineerTo>
<item key="CCD07468-0916-83AA-04EE-AC8740866C74" value="true"/>
</engineerTo>
<useDomainConstraints>false</useDomainConstraints>
<use>1</use>
<logicalDatatype>LOGDT024</logicalDatatype>
<dataTypeSize>30</dataTypeSize>
<ownDataTypeParameters>30,,</ownDataTypeParameters>
</Attribute>
</attributes>
<identifiers itemClass="oracle.dbtools.crest.model.design.logical.CandidateKey">
<identifier id="5D34DFAC-2169-5F6A-54AB-A7FF32DD7480" name="COMUNA PK">
<createdBy>carlamiranda</createdBy>
<createdTime>2026-02-09 21:54:16 UTC</createdTime>
<ownerDesignName>segundasumativaMBD</ownerDesignName>
<shouldEngineer>false</shouldEngineer>
<engineerTo>
<item key="CCD07468-0916-83AA-04EE-AC8740866C74" value="false"/>
</engineerTo>
<pk>true</pk>
<usedAttributes>
<attributeRef>DCD9EBE1-5E53-F0AC-B538-188C1E841F54</attributeRef>
</usedAttributes>
</identifier>
</identifiers>
</Entity>