<?xml version = '1.0' encoding = 'UTF-8'?>
<Entity class="oracle.dbtools.crest.model.design.logical.Entity" directorySegmentName="seg_0" id="32A7A78A-0523-C8FE-B278-D8085B2A2731" name="PROVEEDOR">
<createdBy>carlamiranda</createdBy>
<createdTime>2026-02-09 21:37:59 UTC</createdTime>
<ownerDesignName>segundasumativaMBD</ownerDesignName>
<engineerTo>
<item key="CCD07468-0916-83AA-04EE-AC8740866C74" value="true"/>
</engineerTo>
<adequatelyNormalized>NO</adequatelyNormalized>
<expectedVolumes>0</expectedVolumes>
<fwdEngineeringStrategyName>Single Table</fwdEngineeringStrategyName>
<growthPercent>0</growthPercent>
<growthType>Year</growthType>
<maxVolumes>9999999</maxVolumes>
<minVolumes>0</minVolumes>
<normalForm>Third</normalForm>
<attributes itemClass="oracle.dbtools.crest.model.design.logical.Attribute">
<Attribute name="rut" id="28E10CE7-B9C5-6D3B-8527-C7B2168B466C">
<createdBy>carlamiranda</createdBy>
<createdTime>2026-02-09 21:38:56 UTC</createdTime>
<ownerDesignName>segundasumativaMBD</ownerDesignName>
<engineerTo>
<item key="CCD07468-0916-83AA-04EE-AC8740866C74" value="true"/>
</engineerTo>
<useDomainConstraints>false</useDomainConstraints>
<use>1</use>
<logicalDatatype>LOGDT019</logicalDatatype>
<dataTypePrecision>13</dataTypePrecision>
<ownDataTypeParameters>,13,</ownDataTypeParameters>
</Attribute>
<Attribute name="nombre" id="B2166196-32B7-C1D0-6A85-DD31385213C0">
<createdBy>carlamiranda</createdBy>
<createdTime>2026-02-09 21:48:46 UTC</createdTime>
<ownerDesignName>segundasumativaMBD</ownerDesignName>
<engineerTo>
<item key="CCD07468-0916-83AA-04EE-AC8740866C74" value="true"/>
</engineerTo>
<useDomainConstraints>false</useDomainConstraints>
<use>1</use>
<logicalDatatype>LOGDT024</logicalDatatype>
<dataTypeSize>50</dataTypeSize>
<ownDataTypeParameters>50,,</ownDataTypeParameters>
</Attribute>
<Attribute name="email" id="D0FC5D08-4126-0115-E919-579ED80846D0">
<createdBy>carlamiranda</createdBy>
<createdTime>2026-02-09 21:49:04 UTC</createdTime>
<ownerDesignName>segundasumativaMBD</ownerDesignName>
<engineerTo>
<item key="CCD07468-0916-83AA-04EE-AC8740866C74" value="true"/>
</engineerTo>
<useDomainConstraints>false</useDomainConstraints>
<use>1</use>
<logicalDatatype>LOGDT024</logicalDatatype>
<dataTypeSize>50</dataTypeSize>
<ownDataTypeParameters>50,,</ownDataTypeParameters>
</Attribute>
<Attribute name="website" id="1B522D97-D7DC-B050-D93C-3766E076A4AE">
<createdBy>carlamiranda</createdBy>
<createdTime>2026-02-09 21:49:28 UTC</createdTime>
<ownerDesignName>segundasumativaMBD</ownerDesignName>
<engineerTo>
<item key="CCD07468-0916-83AA-04EE-AC8740866C74" value="true"/>
</engineerTo>
<nullsAllowed>true</nullsAllowed>
<useDomainConstraints>false</useDomainConstraints>
<use>1</use>
<logicalDatatype>LOGDT024</logicalDatatype>
<dataTypeSize>40</dataTypeSize>
<ownDataTypeParameters>40,,</ownDataTypeParameters>
</Attribute>
<Attribute name="id comuna" id="D9C7B735-019A-4278-8FEE-D0B58C67DFF9">
<createdBy>carlamiranda</createdBy>
<createdTime>2026-02-09 21:52:03 UTC</createdTime>
<ownerDesignName>segundasumativaMBD</ownerDesignName>
<engineerTo>
<item key="CCD07468-0916-83AA-04EE-AC8740866C74" value="true"/>
</engineerTo>
<nullsAllowed>true</nullsAllowed>
<use>0</use>
<ownDataTypeParameters>,,</ownDataTypeParameters>
</Attribute>
<Attribute name="tipo proveedor" id="21FB43A1-26A6-CBCA-CC3B-66EAC79B9B4C">
<createdBy>carlamiranda</createdBy>
<createdTime>2026-02-09 23:50:00 UTC</createdTime>
<generatorID>4D868EE9-FEF2-1678-C742-69620E4FF570</generatorID>
<ownerDesignName>segundasumativaMBD</ownerDesignName>
<engineerTo>
<item key="CCD07468-0916-83AA-04EE-AC8740866C74" value="true"/>
</engineerTo>
<useDomainConstraints>false</useDomainConstraints>
<use>1</use>
<logicalDatatype>LOGDT024</logicalDatatype>
<dataTypeSize>10</dataTypeSize>
<ownDataTypeParameters>10,,</ownDataTypeParameters>
</Attribute>
</attributes>
<identifiers itemClass="oracle.dbtools.crest.model.design.logical.CandidateKey">
<identifier id="EBBC0A1B-EC8C-EB8D-55F1-F9F8E9392D29" name="PROVEEDOR PK">
<createdBy>carlamiranda</createdBy>
<createdTime>2026-02-09 21:48:42 UTC</createdTime>
<ownerDesignName>segundasumativaMBD</ownerDesignName>
<shouldEngineer>false</shouldEngineer>
<engineerTo>
<item key="CCD07468-0916-83AA-04EE-AC8740866C74" value="false"/>
</engineerTo>
<pk>true</pk>
<usedAttributes>
<attributeRef>28E10CE7-B9C5-6D3B-8527-C7B2168B466C</attributeRef>
</usedAttributes>
</identifier>
</identifiers>
</Entity>