<?xml version = '1.0' encoding = 'UTF-8'?>
<Entity class="oracle.dbtools.crest.model.design.logical.Entity" directorySegmentName="seg_0" id="64AACB69-DC28-6320-7542-3F2F21180B89" name="TELEFONO CLIENTE">
<createdBy>carlamiranda</createdBy>
<createdTime>2026-02-09 21:58:32 UTC</createdTime>
<ownerDesignName>segundasumativaMBD</ownerDesignName>
<engineerTo>
<item key="CCD07468-0916-83AA-04EE-AC8740866C74" value="true"/>
</engineerTo>
<adequatelyNormalized>NO</adequatelyNormalized>
<expectedVolumes>0</expectedVolumes>
<fwdEngineeringStrategyName>Single Table</fwdEngineeringStrategyName>
<growthPercent>0</growthPercent>
<growthType>Year</growthType>
<maxVolumes>9999999</maxVolumes>
<minVolumes>0</minVolumes>
<normalForm>Third</normalForm>
<attributes itemClass="oracle.dbtools.crest.model.design.logical.Attribute">
<Attribute name="id telefono" id="1EB7C820-D8D7-45D3-9950-3754E5837AD5">
<createdBy>carlamiranda</createdBy>
<createdTime>2026-02-09 21:58:45 UTC</createdTime>
<ownerDesignName>segundasumativaMBD</ownerDesignName>
<engineerTo>
<item key="CCD07468-0916-83AA-04EE-AC8740866C74" value="true"/>
</engineerTo>
<useDomainConstraints>false</useDomainConstraints>
<use>1</use>
<logicalDatatype>LOGDT019</logicalDatatype>
<dataTypePrecision>4</dataTypePrecision>
<ownDataTypeParameters>,4,</ownDataTypeParameters>
</Attribute>
<Attribute name="numero" id="DBA77F32-217F-4297-16D8-386275743377">
<createdBy>carlamiranda</createdBy>
<createdTime>2026-02-09 21:59:20 UTC</createdTime>
<ownerDesignName>segundasumativaMBD</ownerDesignName>
<engineerTo>
<item key="CCD07468-0916-83AA-04EE-AC8740866C74" value="true"/>
</engineerTo>
<useDomainConstraints>false</useDomainConstraints>
<use>1</use>
<logicalDatatype>LOGDT019</logicalDatatype>
<dataTypePrecision>20</dataTypePrecision>
<ownDataTypeParameters>,20,</ownDataTypeParameters>
</Attribute>
<Attribute name="CLIENTE id cliente" id="9F3C556B-52D3-8388-9A99-80E3426AFBC2">
<createdBy>carlamiranda</createdBy>
<createdTime>2026-02-09 23:19:28 UTC</createdTime>
<generatorID>8FA1A888-FCB3-8AC2-CEAF-E1418A4F4AC7</generatorID>
<ownerDesignName>segundasumativaMBD</ownerDesignName>
<engineerTo>
<item key="CCD07468-0916-83AA-04EE-AC8740866C74" value="true"/>
</engineerTo>
<referedAttribute>BB3E8EB7-F521-0765-4956-54A1444C6992</referedAttribute>
<useDomainConstraints>false</useDomainConstraints>
<use>1</use>
<logicalDatatype>LOGDT019</logicalDatatype>
<dataTypePrecision>6</dataTypePrecision>
<ownDataTypeParameters>,,</ownDataTypeParameters>
</Attribute>
</attributes>
<identifiers itemClass="oracle.dbtools.crest.model.design.logical.CandidateKey">
<identifier id="BFD97BBD-1798-D594-4DC6-4DA4C10BF74D" name="TELEFONO_CLIENTE_PK">
<createdBy>carlamiranda</createdBy>
<createdTime>2026-02-09 21:59:16 UTC</createdTime>
<ownerDesignName>segundasumativaMBD</ownerDesignName>
<shouldEngineer>false</shouldEngineer>
<engineerTo>
<item key="CCD07468-0916-83AA-04EE-AC8740866C74" value="false"/>
</engineerTo>
<pk>true</pk>
<usedAttributes>
<attributeRef>1EB7C820-D8D7-45D3-9950-3754E5837AD5</attributeRef>
</usedAttributes>
</identifier>
</identifiers>
</Entity>