<?xml version = '1.0' encoding = 'UTF-8'?>
<Entity class="oracle.dbtools.crest.model.design.logical.Entity" directorySegmentName="seg_0" id="7222AA5D-31F2-1391-56D5-EA5055543B89" name="CLIENTE">
<createdBy>carlamiranda</createdBy>
<createdTime>2026-02-09 21:56:47 UTC</createdTime>
<ownerDesignName>segundasumativaMBD</ownerDesignName>
<engineerTo>
<item key="CCD07468-0916-83AA-04EE-AC8740866C74" value="true"/>
</engineerTo>
<adequatelyNormalized>NO</adequatelyNormalized>
<expectedVolumes>0</expectedVolumes>
<fwdEngineeringStrategyName>Single Table</fwdEngineeringStrategyName>
<growthPercent>0</growthPercent>
<growthType>Year</growthType>
<maxVolumes>9999999</maxVolumes>
<minVolumes>0</minVolumes>
<normalForm>Third</normalForm>
<attributes itemClass="oracle.dbtools.crest.model.design.logical.Attribute">
<Attribute name="id cliente" id="BB3E8EB7-F521-0765-4956-54A1444C6992">
<createdBy>carlamiranda</createdBy>
<createdTime>2026-02-09 21:57:15 UTC</createdTime>
<ownerDesignName>segundasumativaMBD</ownerDesignName>
<engineerTo>
<item key="CCD07468-0916-83AA-04EE-AC8740866C74" value="true"/>
</engineerTo>
<useDomainConstraints>false</useDomainConstraints>
<use>1</use>
<logicalDatatype>LOGDT019</logicalDatatype>
<dataTypePrecision>6</dataTypePrecision>
<ownDataTypeParameters>,6,</ownDataTypeParameters>
</Attribute>
<Attribute name="nombre completo" id="AEFE8A56-497C-DE6A-9574-63EF60A47E84">
<createdBy>carlamiranda</createdBy>
<createdTime>2026-02-09 21:57:44 UTC</createdTime>
<ownerDesignName>segundasumativaMBD</ownerDesignName>
<engineerTo>
<item key="CCD07468-0916-83AA-04EE-AC8740866C74" value="true"/>
</engineerTo>
<useDomainConstraints>false</useDomainConstraints>
<use>1</use>
<logicalDatatype>LOGDT024</logicalDatatype>
<dataTypeSize>40</dataTypeSize>
<ownDataTypeParameters>40,,</ownDataTypeParameters>
</Attribute>
<Attribute name="COMUNA id comuna" id="9AB97DAA-8A6E-445F-1CB0-52B1DBC2A76C">
<createdBy>carlamiranda</createdBy>
<createdTime>2026-02-09 23:18:20 UTC</createdTime>
<generatorID>4B911180-E078-BB42-D200-62067EB716DB</generatorID>
<ownerDesignName>segundasumativaMBD</ownerDesignName>
<engineerTo>
<item key="CCD07468-0916-83AA-04EE-AC8740866C74" value="true"/>
</engineerTo>
<referedAttribute>DCD9EBE1-5E53-F0AC-B538-188C1E841F54</referedAttribute>
<useDomainConstraints>false</useDomainConstraints>
<use>1</use>
<logicalDatatype>LOGDT019</logicalDatatype>
<dataTypePrecision>3</dataTypePrecision>
<ownDataTypeParameters>,,</ownDataTypeParameters>
</Attribute>
</attributes>
<identifiers itemClass="oracle.dbtools.crest.model.design.logical.CandidateKey">
<identifier id="4A6F22FC-A5FC-FBDA-5BD8-F3228FD6B769" name="CLIENTE PK">
<createdBy>carlamiranda</createdBy>
<createdTime>2026-02-09 21:57:27 UTC</createdTime>
<ownerDesignName>segundasumativaMBD</ownerDesignName>
<shouldEngineer>false</shouldEngineer>
<engineerTo>
<item key="CCD07468-0916-83AA-04EE-AC8740866C74" value="false"/>
</engineerTo>
<pk>true</pk>
<usedAttributes>
<attributeRef>BB3E8EB7-F521-0765-4956-54A1444C6992</attributeRef>
</usedAttributes>
</identifier>
</identifiers>
</Entity>