<?xml version = '1.0' encoding = 'UTF-8'?>
<Entity class="oracle.dbtools.crest.model.design.logical.Entity" directorySegmentName="seg_0" id="9EEFC32A-4037-4601-EA7D-293EE3D9DAE4" name="MARCA">
<createdBy>carlamiranda</createdBy>
<createdTime>2026-02-09 22:00:46 UTC</createdTime>
<ownerDesignName>segundasumativaMBD</ownerDesignName>
<engineerTo>
<item key="CCD07468-0916-83AA-04EE-AC8740866C74" value="true"/>
</engineerTo>
<adequatelyNormalized>NO</adequatelyNormalized>
<expectedVolumes>0</expectedVolumes>
<fwdEngineeringStrategyName>Single Table</fwdEngineeringStrategyName>
<growthPercent>0</growthPercent>
<growthType>Year</growthType>
<maxVolumes>9999999</maxVolumes>
<minVolumes>0</minVolumes>
<normalForm>Third</normalForm>
<attributes itemClass="oracle.dbtools.crest.model.design.logical.Attribute">
<Attribute name="id marca" id="50E14520-B84A-8411-3583-E74D2C20EEB3">
<createdBy>carlamiranda</createdBy>
<createdTime>2026-02-09 22:00:57 UTC</createdTime>
<ownerDesignName>segundasumativaMBD</ownerDesignName>
<engineerTo>
<item key="CCD07468-0916-83AA-04EE-AC8740866C74" value="true"/>
</engineerTo>
<useDomainConstraints>false</useDomainConstraints>
<use>1</use>
<logicalDatatype>LOGDT019</logicalDatatype>
<dataTypePrecision>4</dataTypePrecision>
<ownDataTypeParameters>,4,</ownDataTypeParameters>
</Attribute>
<Attribute name="nombre" id="60952607-C42E-654F-E241-7D9C4FE217B2">
<createdBy>carlamiranda</createdBy>
<createdTime>2026-02-09 22:01:20 UTC</createdTime>
<ownerDesignName>segundasumativaMBD</ownerDesignName>
<engineerTo>
<item key="CCD07468-0916-83AA-04EE-AC8740866C74" value="true"/>
</engineerTo>
<useDomainConstraints>false</useDomainConstraints>
<use>1</use>
<logicalDatatype>LOGDT024</logicalDatatype>
<dataTypeSize>30</dataTypeSize>
<ownDataTypeParameters>30,,</ownDataTypeParameters>
</Attribute>
</attributes>
<identifiers itemClass="oracle.dbtools.crest.model.design.logical.CandidateKey">
<identifier id="34EE397C-E160-2423-23F1-F461694A108B" name="MARCA PK">
<createdBy>carlamiranda</createdBy>
<createdTime>2026-02-09 22:01:18 UTC</createdTime>
<ownerDesignName>segundasumativaMBD</ownerDesignName>
<shouldEngineer>false</shouldEngineer>
<engineerTo>
<item key="CCD07468-0916-83AA-04EE-AC8740866C74" value="false"/>
</engineerTo>
<pk>true</pk>
<usedAttributes>
<attributeRef>50E14520-B84A-8411-3583-E74D2C20EEB3</attributeRef>
</usedAttributes>
</identifier>
</identifiers>
</Entity>