<?xml version = '1.0' encoding = 'UTF-8'?>
<Entity class="oracle.dbtools.crest.model.design.logical.Entity" directorySegmentName="seg_0" id="AAD0CB17-DA83-E195-40F0-BCE93564E542" name="PRODUCTO">
<createdBy>carlamiranda</createdBy>
<createdTime>2026-02-09 22:02:47 UTC</createdTime>
<ownerDesignName>segundasumativaMBD</ownerDesignName>
<engineerTo>
<item key="CCD07468-0916-83AA-04EE-AC8740866C74" value="true"/>
</engineerTo>
<adequatelyNormalized>NO</adequatelyNormalized>
<expectedVolumes>0</expectedVolumes>
<fwdEngineeringStrategyName>Single Table</fwdEngineeringStrategyName>
<growthPercent>0</growthPercent>
<growthType>Year</growthType>
<maxVolumes>9999999</maxVolumes>
<minVolumes>0</minVolumes>
<normalForm>Third</normalForm>
<attributes itemClass="oracle.dbtools.crest.model.design.logical.Attribute">
<Attribute name="id producto" id="1A7E4408-208D-E380-D77F-5DAFD6A62CCF">
<createdBy>carlamiranda</createdBy>
<createdTime>2026-02-09 22:03:39 UTC</createdTime>
<ownerDesignName>segundasumativaMBD</ownerDesignName>
<engineerTo>
<item key="CCD07468-0916-83AA-04EE-AC8740866C74" value="true"/>
</engineerTo>
<useDomainConstraints>false</useDomainConstraints>
<use>1</use>
<logicalDatatype>LOGDT019</logicalDatatype>
<dataTypePrecision>8</dataTypePrecision>
<ownDataTypeParameters>,8,</ownDataTypeParameters>
</Attribute>
<Attribute name="nombre" id="9B077C9C-9AC2-F936-5D33-4876DFDEC1B0">
<createdBy>carlamiranda</createdBy>
<createdTime>2026-02-09 22:04:07 UTC</createdTime>
<ownerDesignName>segundasumativaMBD</ownerDesignName>
<engineerTo>
<item key="CCD07468-0916-83AA-04EE-AC8740866C74" value="true"/>
</engineerTo>
<useDomainConstraints>false</useDomainConstraints>
<use>1</use>
<logicalDatatype>LOGDT024</logicalDatatype>
<dataTypeSize>40</dataTypeSize>
<ownDataTypeParameters>40,,</ownDataTypeParameters>
</Attribute>
<Attribute name="descripcion" id="EBBF48E3-957E-FB66-5B85-D4871C8AE36C">
<createdBy>carlamiranda</createdBy>
<createdTime>2026-02-09 22:04:21 UTC</createdTime>
<ownerDesignName>segundasumativaMBD</ownerDesignName>
<engineerTo>
<item key="CCD07468-0916-83AA-04EE-AC8740866C74" value="true"/>
</engineerTo>
<nullsAllowed>true</nullsAllowed>
<useDomainConstraints>false</useDomainConstraints>
<use>1</use>
<logicalDatatype>LOGDT024</logicalDatatype>
<dataTypeSize>50</dataTypeSize>
<ownDataTypeParameters>50,,</ownDataTypeParameters>
</Attribute>
<Attribute name="fecha vencimiento" id="6328D74F-7F97-10D5-7B78-CD8E0758B563">
<createdBy>carlamiranda</createdBy>
<createdTime>2026-02-09 22:04:38 UTC</createdTime>
<ownerDesignName>segundasumativaMBD</ownerDesignName>
<engineerTo>
<item key="CCD07468-0916-83AA-04EE-AC8740866C74" value="true"/>
</engineerTo>
<useDomainConstraints>false</useDomainConstraints>
<use>1</use>
<logicalDatatype>LOGDT007</logicalDatatype>
<ownDataTypeParameters>,,</ownDataTypeParameters>
</Attribute>
<Attribute name="precio" id="283D4263-0128-A5D7-7370-EE9DE4763A8D">
<createdBy>carlamiranda</createdBy>
<createdTime>2026-02-09 22:04:55 UTC</createdTime>
<ownerDesignName>segundasumativaMBD</ownerDesignName>
<engineerTo>
<item key="CCD07468-0916-83AA-04EE-AC8740866C74" value="true"/>
</engineerTo>
<useDomainConstraints>false</useDomainConstraints>
<use>1</use>
<logicalDatatype>LOGDT019</logicalDatatype>
<dataTypePrecision>10</dataTypePrecision>
<ownDataTypeParameters>,10,</ownDataTypeParameters>
</Attribute>
<Attribute name="stock" id="E661A981-0DDB-2757-D68C-07BE1FA9A2F6">
<createdBy>carlamiranda</createdBy>
<createdTime>2026-02-09 22:05:18 UTC</createdTime>
<ownerDesignName>segundasumativaMBD</ownerDesignName>
<engineerTo>
<item key="CCD07468-0916-83AA-04EE-AC8740866C74" value="true"/>
</engineerTo>
<useDomainConstraints>false</useDomainConstraints>
<use>1</use>
<logicalDatatype>LOGDT019</logicalDatatype>
<dataTypePrecision>5</dataTypePrecision>
<ownDataTypeParameters>,5,</ownDataTypeParameters>
</Attribute>
<Attribute name="MARCA id marca" id="D21268DC-47E1-530B-7EF0-5B661E1DD18A">
<createdBy>carlamiranda</createdBy>
<createdTime>2026-02-09 23:21:13 UTC</createdTime>
<generatorID>6605B526-7170-D26B-830A-8F19B848DC0A</generatorID>
<ownerDesignName>segundasumativaMBD</ownerDesignName>
<engineerTo>
<item key="CCD07468-0916-83AA-04EE-AC8740866C74" value="true"/>
</engineerTo>
<referedAttribute>50E14520-B84A-8411-3583-E74D2C20EEB3</referedAttribute>
<useDomainConstraints>false</useDomainConstraints>
<use>1</use>
<logicalDatatype>LOGDT019</logicalDatatype>
<dataTypePrecision>4</dataTypePrecision>
<ownDataTypeParameters>,,</ownDataTypeParameters>
</Attribute>
<Attribute name="CATEGORIA id categoria" id="0CEAF3E7-1F17-851E-C7F9-6CDC2DE8C5BC">
<createdBy>carlamiranda</createdBy>
<createdTime>2026-02-09 23:21:31 UTC</createdTime>
<generatorID>81456B0A-C540-91DA-15E1-ACF0FC7E848E</generatorID>
<ownerDesignName>segundasumativaMBD</ownerDesignName>
<engineerTo>
<item key="CCD07468-0916-83AA-04EE-AC8740866C74" value="true"/>
</engineerTo>
<referedAttribute>517E1F66-E165-FD42-834C-CA011D9906C8</referedAttribute>
<useDomainConstraints>false</useDomainConstraints>
<use>1</use>
<logicalDatatype>LOGDT019</logicalDatatype>
<dataTypePrecision>4</dataTypePrecision>
<ownDataTypeParameters>,,</ownDataTypeParameters>
</Attribute>
<Attribute name="SUCURSAL id sucursal" id="6D6F3859-E02F-3EE7-5439-090C50C13053">
<createdBy>carlamiranda</createdBy>
<createdTime>2026-02-09 23:50:00 UTC</createdTime>
<generatorID>99D50B11-28FB-9001-BCC7-77B3A6D0357D</generatorID>
<ownerDesignName>segundasumativaMBD</ownerDesignName>
<engineerTo>
<item key="CCD07468-0916-83AA-04EE-AC8740866C74" value="true"/>
</engineerTo>
<referedAttribute>5AE7718F-F58B-4514-3A1A-7439E1997AFD</referedAttribute>
<useDomainConstraints>false</useDomainConstraints>
<use>1</use>
<logicalDatatype>LOGDT019</logicalDatatype>
<dataTypePrecision>3</dataTypePrecision>
<ownDataTypeParameters>,,</ownDataTypeParameters>
</Attribute>
</attributes>
<identifiers itemClass="oracle.dbtools.crest.model.design.logical.CandidateKey">
<identifier id="CBBD1A06-F568-28F1-257E-51CB78F0FA20" name="PRODUCTO PK">
<createdBy>carlamiranda</createdBy>
<createdTime>2026-02-09 22:04:03 UTC</createdTime>
<ownerDesignName>segundasumativaMBD</ownerDesignName>
<shouldEngineer>false</shouldEngineer>
<engineerTo>
<item key="CCD07468-0916-83AA-04EE-AC8740866C74" value="false"/>
</engineerTo>
<pk>true</pk>
<usedAttributes>
<attributeRef>1A7E4408-208D-E380-D77F-5DAFD6A62CCF</attributeRef>
</usedAttributes>
</identifier>
</identifiers>
</Entity>