<?xml version = '1.0' encoding = 'UTF-8'?>
<Entity class="oracle.dbtools.crest.model.design.logical.Entity" directorySegmentName="seg_0" id="AEF6583B-879E-7CB6-F216-5D0BD95918CF" name="VENTA">
<createdBy>carlamiranda</createdBy>
<createdTime>2026-02-09 22:08:05 UTC</createdTime>
<ownerDesignName>segundasumativaMBD</ownerDesignName>
<engineerTo>
<item key="CCD07468-0916-83AA-04EE-AC8740866C74" value="true"/>
</engineerTo>
<adequatelyNormalized>NO</adequatelyNormalized>
<expectedVolumes>0</expectedVolumes>
<fwdEngineeringStrategyName>Single Table</fwdEngineeringStrategyName>
<growthPercent>0</growthPercent>
<growthType>Year</growthType>
<maxVolumes>9999999</maxVolumes>
<minVolumes>0</minVolumes>
<normalForm>Third</normalForm>
<attributes itemClass="oracle.dbtools.crest.model.design.logical.Attribute">
<Attribute name="id venta" id="97ACAEF2-0E42-5254-3D7C-441FD934AACB">
<createdBy>carlamiranda</createdBy>
<createdTime>2026-02-09 22:08:12 UTC</createdTime>
<ownerDesignName>segundasumativaMBD</ownerDesignName>
<engineerTo>
<item key="CCD07468-0916-83AA-04EE-AC8740866C74" value="true"/>
</engineerTo>
<useDomainConstraints>false</useDomainConstraints>
<use>1</use>
<logicalDatatype>LOGDT019</logicalDatatype>
<dataTypePrecision>5</dataTypePrecision>
<ownDataTypeParameters>,5,</ownDataTypeParameters>
</Attribute>
<Attribute name="fecha" id="20D4AFF8-B810-6559-491A-928217E6FA34">
<createdBy>carlamiranda</createdBy>
<createdTime>2026-02-09 22:09:13 UTC</createdTime>
<ownerDesignName>segundasumativaMBD</ownerDesignName>
<engineerTo>
<item key="CCD07468-0916-83AA-04EE-AC8740866C74" value="true"/>
</engineerTo>
<useDomainConstraints>false</useDomainConstraints>
<use>1</use>
<logicalDatatype>LOGDT007</logicalDatatype>
<ownDataTypeParameters>,,</ownDataTypeParameters>
</Attribute>
<Attribute name="CLIENTE id cliente" id="2027BF68-2B1D-EB2C-156F-89E73B2E0043">
<createdBy>carlamiranda</createdBy>
<createdTime>2026-02-09 23:24:24 UTC</createdTime>
<generatorID>E83BBCCE-7A6A-C559-FF0D-B57DEEEAFF2F</generatorID>
<ownerDesignName>segundasumativaMBD</ownerDesignName>
<engineerTo>
<item key="CCD07468-0916-83AA-04EE-AC8740866C74" value="true"/>
</engineerTo>
<referedAttribute>BB3E8EB7-F521-0765-4956-54A1444C6992</referedAttribute>
<useDomainConstraints>false</useDomainConstraints>
<use>1</use>
<logicalDatatype>LOGDT019</logicalDatatype>
<dataTypePrecision>6</dataTypePrecision>
<ownDataTypeParameters>,,</ownDataTypeParameters>
</Attribute>
<Attribute name="SUCURSAL id sucursal" id="17564E8D-5797-6DAB-AB08-8D422B4AD9CF">
<createdBy>carlamiranda</createdBy>
<createdTime>2026-02-09 23:24:29 UTC</createdTime>
<generatorID>922FBA0C-C31E-BDFC-1F59-5143F7F23F23</generatorID>
<ownerDesignName>segundasumativaMBD</ownerDesignName>
<engineerTo>
<item key="CCD07468-0916-83AA-04EE-AC8740866C74" value="true"/>
</engineerTo>
<referedAttribute>5AE7718F-F58B-4514-3A1A-7439E1997AFD</referedAttribute>
<useDomainConstraints>false</useDomainConstraints>
<use>1</use>
<logicalDatatype>LOGDT019</logicalDatatype>
<dataTypePrecision>3</dataTypePrecision>
<ownDataTypeParameters>,,</ownDataTypeParameters>
</Attribute>
</attributes>
<identifiers itemClass="oracle.dbtools.crest.model.design.logical.CandidateKey">
<identifier id="8F4ADBE1-8096-81B5-30A1-83A056BD845F" name="VENTA PK">
<createdBy>carlamiranda</createdBy>
<createdTime>2026-02-09 22:09:12 UTC</createdTime>
<ownerDesignName>segundasumativaMBD</ownerDesignName>
<shouldEngineer>false</shouldEngineer>
<engineerTo>
<item key="CCD07468-0916-83AA-04EE-AC8740866C74" value="false"/>
</engineerTo>
<pk>true</pk>
<usedAttributes>
<attributeRef>97ACAEF2-0E42-5254-3D7C-441FD934AACB</attributeRef>
</usedAttributes>
</identifier>
</identifiers>
</Entity>